candidate_id,original_dream_universities,cleaned_dream_universities,university_count,original_field_of_study,cleaned_field_of_study,field_count,target_destinations,is_uncertain,uncertain_keywords,multi_value_count,data_quality_score
PA-2026-2S7E24WX,"Oxford, Cambridge, Harvard, Stanford, Yale, New York University (NYU), London School of Economics, University College London, King's College London, University of Pennsylvania (incl. Wharton)","['Oxford', 'Cambridge', 'Harvard', 'Stanford', 'Yale', 'New York University (NYU)', 'London School of Economics', 'University College London', ""King's College London"", 'University of Pennsylvania (incl. Wharton)']",10,Lakitiedettä/Law,['Law'],1,"*Manner-Eurooppa* / Mainland Europe (esim. Hollanti, Ranska, Saksa), *Oseania */ Oceania (Australia & Uusi-Seelanti), *Iso-Britannia & Irlanti* / UK & Ireland, *Pohjois-Amerikka* / USA & Kanada",False,[],11,1.0
PA-2026-G79H73B6,"Bocconi, London School of Economics, University College London","['Bocconi', 'London School of Economics', 'University College London']",3,"Accounting and finance, international economics and finance, statistics, economics and finance.","['Accounting', 'finance', 'STEM', 'finance', 'STEM', 'STEM', 'finance.']",7,"*Iso-Britannia & Irlanti* / UK & Ireland, *Manner-Eurooppa* / Mainland Europe (esim. Hollanti, Ranska, Saksa)",False,[],10,1.0
PA-2026-IR3M7Z9G,"Trinity College Dublin, University College Cork","['Trinity College Dublin', 'University College Cork']",2,"Literature, maybe linguistics or sociology as a minor if possible","['Literature', 'STEM', 'sociology as a minor if possible']",3,"*Iso-Britannia & Irlanti* / UK & Ireland, *Manner-Eurooppa* / Mainland Europe (esim. Hollanti, Ranska, Saksa)",True,['maybe'],5,0.7
PA-2026-P3EEVS8B,"Oxford, London School of Economics, Cambridge, University of Edinburgh, University College London, King's College London, University of St. Andrews, University of Warwick, Durham University, University of Exeter","['Oxford', 'London School of Economics', 'Cambridge', 'University of Edinburgh', 'University College London', ""King's College London"", 'University of St. Andrews', 'University of Warwick', 'Durham University', 'University of Exeter']",10,"Cambridge: environment, law & economics. Oxford: economics & management. <-my top 2 choices.","['Cambridge: environment', 'Law']",2,*Iso-Britannia & Irlanti* / UK & Ireland,False,[],12,1.0
PA-2026-B3YTO5PT,"Bocconi, TU Delft, London School of Economics, Cambridge, Yale, Harvard, Stanford, Brown, MIT, University of Pennsylvania (incl. Wharton), Columbia, Princeton","['Bocconi', 'TU Delft', 'London School of Economics', 'Cambridge', 'Yale', 'Harvard', 'Stanford', 'Brown', 'MIT', 'University of Pennsylvania (incl. Wharton)', 'Columbia', 'Princeton']",12,"Econ/Finance (Cambridge/LSE/Bocconi, US schools); Engineering/CS (TU Delft)","['Econ/Finance (Cambridge/LSE/Bocconi', 'US schools)', 'STEM']",3,"*Iso-Britannia & Irlanti* / UK & Ireland, *Pohjois-Amerikka* / USA & Kanada",False,[],15,1.0
PA-2026-9NUSTWJG,"Bocconi, Sciences Po, IE University, London School of Economics, King's College London","['Bocconi', 'Sciences Po', 'IE University', 'London School of Economics', ""King's College London""]",5,"I plan to apply for International Relations/ European studies/ PPE, depending on the university.","['I plan to apply for International Relations/ European studies/ PPE', 'depending on the university.']",2,"*Iso-Britannia & Irlanti* / UK & Ireland, *Manner-Eurooppa* / Mainland Europe (esim. Hollanti, Ranska, Saksa)",False,[],7,1.0
PA-2026-H85RXY9A,"Cambridge, Stanford, MIT, Harvard, Yale","['Cambridge', 'Stanford', 'MIT', 'Harvard', 'Yale']",5,Pure Mathematics,['STEM'],1,"*Iso-Britannia & Irlanti* / UK & Ireland, *Pohjois-Amerikka* / USA & Kanada",False,[],6,1.0
PA-2026-VXR3YQYW,"Cambridge, Oxford, MIT","['Cambridge', 'Oxford', 'MIT']",3,Quantum Mechanics,['STEM'],1,"*Iso-Britannia & Irlanti* / UK & Ireland, *Pohjois-Amerikka* / USA & Kanada",False,[],4,1.0
PA-2026-1DJ1C297,"Sciences Po, London School of Economics, University College London, King's College London, Bocconi","['Sciences Po', 'London School of Economics', 'University College London', ""King's College London"", 'Bocconi']",5,Economics,['STEM'],1,"*Iso-Britannia & Irlanti* / UK & Ireland, *Manner-Eurooppa* / Mainland Europe (esim. Hollanti, Ranska, Saksa)",False,[],6,1.0
PA-2026-RUBCXWJF,"University of St. Gallen, London School of Economics, Oxford, Cambridge, Harvard, Princeton, Columbia, Stanford, University of Pennsylvania (incl. Wharton), New York University (NYU), Bocconi","['University of St. Gallen', 'London School of Economics', 'Oxford', 'Cambridge', 'Harvard', 'Princeton', 'Columbia', 'Stanford', 'University of Pennsylvania (incl. Wharton)', 'New York University (NYU)', 'Bocconi']",11,Economics! Erityisesti rahoitusala kiinnostaisi.,['STEM'],1,"*Iso-Britannia & Irlanti* / UK & Ireland, *Manner-Eurooppa* / Mainland Europe (esim. Hollanti, Ranska, Saksa), *Aasia* / Asia (esim. Singapore, Japani, Etelä-Korea), *Pohjois-Amerikka* / USA & Kanada",False,[],12,1.0
PA-2026-MZZ2ELAB,"Harvard, Stanford, Columbia, Yale","['Harvard', 'Stanford', 'Columbia', 'Yale']",4,Still exploring,['Still exploring'],1,*Pohjois-Amerikka* / USA & Kanada,True,['still exploring'],5,0.7
PA-2026-V3K6CEIP,"Yale, Harvard, Brown, Stanford, New York University (NYU), University of Melbourne","['Yale', 'Harvard', 'Brown', 'Stanford', 'New York University (NYU)', 'University of Melbourne']",6,"Biologia ja insinööriys kiinnostavat, mutta still exploring tarkan alan suhteen✌️","['Biologia ja insinööriys kiinnostavat', 'mutta still exploring tarkan alan suhteen✌️']",2,"*Pohjois-Amerikka* / USA & Kanada, *Oseania */ Oceania (Australia & Uusi-Seelanti)",True,['still exploring'],8,0.7
PA-2026-PQB61S9U,"University of Amsterdam, Leiden University, Trinity College Dublin, London School of Economics, University College London, King's College London, University of Edinburgh, Oxford, Yale, Harvard, New York University (NYU), Princeton","['University of Amsterdam', 'Leiden University', 'Trinity College Dublin', 'London School of Economics', 'University College London', ""King's College London"", 'University of Edinburgh', 'Oxford', 'Yale', 'Harvard', 'New York University (NYU)', 'Princeton']",12,Oikeustiede tai kauppatiede,['Oikeustiede tai kauppatiede'],1,"*Iso-Britannia & Irlanti* / UK & Ireland, *Manner-Eurooppa* / Mainland Europe (esim. Hollanti, Ranska, Saksa), *Pohjois-Amerikka* / USA & Kanada, *Oseania */ Oceania (Australia & Uusi-Seelanti)",False,[],13,1.0
PA-2026-JCYQ8BG5,"University of Amsterdam, University of Edinburgh, Oxford, Imperial College London, Maastricht University, Leiden University, Sciences Po, King's College London, Cambridge, Stanford, University of St. Gallen, Trinity College Dublin, University College London, TU Delft, Harvard, MIT, Heidelberg, ETH, Karolinska","['University of Amsterdam', 'University of Edinburgh', 'Oxford', 'Imperial College London', 'Maastricht University', 'Leiden University', 'Sciences Po', ""King's College London"", 'Cambridge', 'Stanford', 'University of St. Gallen', 'Trinity College Dublin', 'University College London', 'TU Delft', 'Harvard', 'MIT', 'Heidelberg', 'ETH', 'Karolinska']",19,Medicine or physics,"['Medicine & Health Sciences', 'STEM']",2,"*Iso-Britannia & Irlanti* / UK & Ireland, *Manner-Eurooppa* / Mainland Europe (esim. Hollanti, Ranska, Saksa)",False,[],21,1.0
PA-2026-X8SD2TQS,KU Leuven,['KU Leuven'],1,Business or political science,"['Business & Economics', 'political science']",2,"*Manner-Eurooppa* / Mainland Europe (esim. Hollanti, Ranska, Saksa)",False,[],3,1.0
PA-2026-UV2JDK6W,"University of Alicante, University of Valencia, Jaume I University","['University of Alicante', 'University of Valencia', 'Jaume I University']",3,I'm going to apply for Linguistics and Translation.,"['STEM', 'Translation.']",2,"*Manner-Eurooppa* / Mainland Europe (esim. Hollanti, Ranska, Saksa)",False,[],5,1.0
PA-2026-LQWUO961,"University of Amsterdam, Trinity College Dublin, University College London, MIT, University of Edinburgh, Brown, Princeton, Duke, Notre Dame","['University of Amsterdam', 'Trinity College Dublin', 'University College London', 'MIT', 'University of Edinburgh', 'Brown', 'Princeton', 'Duke', 'Notre Dame']",9,Engineering,['STEM'],1,"*Iso-Britannia & Irlanti* / UK & Ireland, *Manner-Eurooppa* / Mainland Europe (esim. Hollanti, Ranska, Saksa), *Pohjois-Amerikka* / USA & Kanada, *En ole vielä varma, haluan vain ulkomaille!* / I'm not sure yet, I just want to go abroad!)",True,['not sure'],10,0.7
PA-2026-DX87HCWO,"Cambridge, Yale, Harvard, MIT, New York University (NYU)","['Cambridge', 'Yale', 'Harvard', 'MIT', 'New York University (NYU)']",5,ICT / IT / Computer science,"['ICT', 'IT', 'STEM']",3,"*Iso-Britannia & Irlanti* / UK & Ireland, *Manner-Eurooppa* / Mainland Europe (esim. Hollanti, Ranska, Saksa), *Pohjois-Amerikka* / USA & Kanada, *En ole vielä varma, haluan vain ulkomaille!* / I'm not sure yet, I just want to go abroad!)",True,['not sure'],8,0.7
PA-2026-TGD4DBOG,"London School of Economics, Stanford, University of Pennsylvania (incl. Wharton), Columbia, Yale, Princeton, Cambridge, Harvard, New York University (NYU), Dartmouth, The University of Sydney, University of Toronto, Georgetown, Cornell, and Duke","['London School of Economics', 'Stanford', 'University of Pennsylvania (incl. Wharton)', 'Columbia', 'Yale', 'Princeton', 'Cambridge', 'Harvard', 'New York University (NYU)', 'Dartmouth', 'The University of Sydney', 'University of Toronto', 'Georgetown', 'Cornell', 'Duke']",15,"I plan to apply to study Economics, potentially combined with Global Affairs as a double major.","['STEM', 'potentially combined with Global Affairs as a double major.']",2,"*Pohjois-Amerikka* / USA & Kanada, *Aasia* / Asia (esim. Singapore, Japani, Etelä-Korea), *Oseania */ Oceania (Australia & Uusi-Seelanti), *Iso-Britannia & Irlanti* / UK & Ireland",False,[],17,1.0
PA-2026-CRHEKW2B,"University of St. Gallen, Trinity College Dublin, IE University, Oxford, Cambridge, Harvard, Stanford, MIT, Princeton, University College London, King's College London, Imperial College London","['University of St. Gallen', 'Trinity College Dublin', 'IE University', 'Oxford', 'Cambridge', 'Harvard', 'Stanford', 'MIT', 'Princeton', 'University College London', ""King's College London"", 'Imperial College London']",12,Computer science,['STEM'],1,"*Manner-Eurooppa* / Mainland Europe (esim. Hollanti, Ranska, Saksa)",False,[],13,1.0
PA-2026-41X6MQOI,"University of Amsterdam, University College London, Oxford, Stanford, University of Pennsylvania (incl. Wharton), Columbia, Brown, Yale, Harvard, MIT, New York University (NYU), Maastricht University, Imperial College London, London School of Economics, Cambridge","['University of Amsterdam', 'University College London', 'Oxford', 'Stanford', 'University of Pennsylvania (incl. Wharton)', 'Columbia', 'Brown', 'Yale', 'Harvard', 'MIT', 'New York University (NYU)', 'Maastricht University', 'Imperial College London', 'London School of Economics', 'Cambridge']",15,Most likely business but other possibility is also medicine.,['Business & Economics'],1,"*Iso-Britannia & Irlanti* / UK & Ireland, *Manner-Eurooppa* / Mainland Europe (esim. Hollanti, Ranska, Saksa), *Pohjois-Amerikka* / USA & Kanada",False,[],16,1.0
PA-2026-L93IDTX0,"University of Amsterdam, Trinity College Dublin, King's College London, University of Toronto","['University of Amsterdam', 'Trinity College Dublin', ""King's College London"", 'University of Toronto']",4,Psychology,['Psychology'],1,"*Iso-Britannia & Irlanti* / UK & Ireland, *Manner-Eurooppa* / Mainland Europe (esim. Hollanti, Ranska, Saksa), *Pohjois-Amerikka* / USA & Kanada",False,[],5,1.0
PA-2026-6685LKS9,"University of Amsterdam, Maastricht University, Leiden University, Bocconi, Sciences Po, IE University, University of St. Gallen, Trinity College Dublin, TU Delft, University College London, King's College London, Imperial College London, University of Edinburgh, Cambridge, Columbia, New York University (NYU), Princeton, University of Pennsylvania (incl. Wharton), MIT, Brown, Stanford, London School of Economics, Oxford","['University of Amsterdam', 'Maastricht University', 'Leiden University', 'Bocconi', 'Sciences Po', 'IE University', 'University of St. Gallen', 'Trinity College Dublin', 'TU Delft', 'University College London', ""King's College London"", 'Imperial College London', 'University of Edinburgh', 'Cambridge', 'Columbia', 'New York University (NYU)', 'Princeton', 'University of Pennsylvania (incl. Wharton)', 'MIT', 'Brown', 'Stanford', 'London School of Economics', 'Oxford']",23,"Chembio, Biology or Veterinary","['Chembio', 'Biology', 'Veterinary']",3,"*Aasia* / Asia (esim. Singapore, Japani, Etelä-Korea), *Oseania */ Oceania (Australia & Uusi-Seelanti), *Muualla maailmassa* / Other (Etelä-Amerikka tai Afrikka)",False,[],26,1.0
PA-2026-N9PHOGMX,"Cambridge, Imperial College London, King's College London, University College London, London School of Economics, Universities in Singapore NUS and NTU, in China Hong Kong uni and other uni in hong kong. University of Wawerick if i remember correctly maybe universities in Swiztherland like ETH","['Cambridge', 'Imperial College London', ""King's College London"", 'University College London', 'London School of Economics', 'Universities in Singapore NUS', 'NTU', 'in China Hong Kong uni', 'other uni in hong kong. University of Wawerick if i remember correctly maybe universities in Swiztherland like ETH']",9,Finance and data analysis,"['Finance', 'data analysis']",2,"*Iso-Britannia & Irlanti* / UK & Ireland, *Aasia* / Asia (esim. Singapore, Japani, Etelä-Korea)",True,['maybe'],11,0.7
PA-2026-NWKIU1DN,"University College London, Imperial College London, Cambridge, University of Amsterdam, Maastricht University","['University College London', 'Imperial College London', 'Cambridge', 'University of Amsterdam', 'Maastricht University']",5,"Still exploring, mahdollisesti lakia, bisnestä tai kansainvälisiä suhteita (miksei kaikkia..)","['Still exploring', 'mahdollisesti lakia', 'bisnestä tai kansainvälisiä suhteita (miksei kaikkia..)']",3,"*Iso-Britannia & Irlanti* / UK & Ireland, *Manner-Eurooppa* / Mainland Europe (esim. Hollanti, Ranska, Saksa)",True,['still exploring'],8,0.7
PA-2026-2NHIKGNN,"Sciences Po, Maastricht University, University of Amsterdam, New York University (NYU), Harvard, Yale","['Sciences Po', 'Maastricht University', 'University of Amsterdam', 'New York University (NYU)', 'Harvard', 'Yale']",6,International Relations / Political Science,"['International Relations', 'Political Science']",2,"*Manner-Eurooppa* / Mainland Europe (esim. Hollanti, Ranska, Saksa), *Pohjois-Amerikka* / USA & Kanada",False,[],8,1.0
PA-2026-BZ5MBYQQ,Universitat Politécnica de Catalunya,['Universitat Politécnica de Catalunya'],1,Rakennusarkkiehtuuria,['Rakennusarkkiehtuuria'],1,"*Manner-Eurooppa* / Mainland Europe (esim. Hollanti, Ranska, Saksa)",False,[],2,1.0
PA-2026-ROYZPVPE,"Oxford, Stanford, Harvard, MIT, Yale, Cambridge, Brown, King's College London","['Oxford', 'Stanford', 'Harvard', 'MIT', 'Yale', 'Cambridge', 'Brown', ""King's College London""]",8,"Either medicine or law, but still exploring other options.","['Medicine & Health Sciences', 'Law', 'but still exploring other options.']",3,"*Iso-Britannia & Irlanti* / UK & Ireland, *Manner-Eurooppa* / Mainland Europe (esim. Hollanti, Ranska, Saksa), *Pohjois-Amerikka* / USA & Kanada",True,['still exploring'],11,0.7
PA-2026-IM6WRBDV,"Oxford, Stanford, Yale, Trinity College Dublin, University of Amsterdam, Cambridge, Leiden University","['Oxford', 'Stanford', 'Yale', 'Trinity College Dublin', 'University of Amsterdam', 'Cambridge', 'Leiden University']",7,Medicine,['Medicine & Health Sciences'],1,"*Iso-Britannia & Irlanti* / UK & Ireland, *Manner-Eurooppa* / Mainland Europe (esim. Hollanti, Ranska, Saksa), *Pohjois-Amerikka* / USA & Kanada",False,[],8,1.0
PA-2026-F7Z44YRC,"Leiden University, TU Delft, University of Amsterdam, London School of Economics, Imperial College London, University College London, King's College London, University of Toronto","['Leiden University', 'TU Delft', 'University of Amsterdam', 'London School of Economics', 'Imperial College London', 'University College London', ""King's College London"", 'University of Toronto']",8,I am still exploring but most likely engineering.,['STEM'],1,"*Manner-Eurooppa* / Mainland Europe (esim. Hollanti, Ranska, Saksa), *Iso-Britannia & Irlanti* / UK & Ireland, *Pohjois-Amerikka* / USA & Kanada",True,['still exploring'],9,0.7
PA-2026-C4G8PE5X,"University of Amsterdam, Stanford, University of Pennsylvania (incl. Wharton), Columbia, Princeton, Brown, Yale, Harvard, MIT, New York University (NYU), Trinity College Dublin","['University of Amsterdam', 'Stanford', 'University of Pennsylvania (incl. Wharton)', 'Columbia', 'Princeton', 'Brown', 'Yale', 'Harvard', 'MIT', 'New York University (NYU)', 'Trinity College Dublin']",11,Neuroscience,['Neuroscience'],1,"*Pohjois-Amerikka* / USA & Kanada, *Aasia* / Asia (esim. Singapore, Japani, Etelä-Korea), *Manner-Eurooppa* / Mainland Europe (esim. Hollanti, Ranska, Saksa)",False,[],12,1.0
PA-2026-AVK7JISB,"Oxford, London School of Economics, Imperial College London, University College London, Trinity College Dublin, Stanford, Princeton, New York University (NYU), MIT, Cambridge, Harvard, King's College London, University of Pennsylvania (incl. Wharton), Brown, Yale, Columbia, Bocconi","['Oxford', 'London School of Economics', 'Imperial College London', 'University College London', 'Trinity College Dublin', 'Stanford', 'Princeton', 'New York University (NYU)', 'MIT', 'Cambridge', 'Harvard', ""King's College London"", 'University of Pennsylvania (incl. Wharton)', 'Brown', 'Yale', 'Columbia', 'Bocconi']",17,Still exploring (econ/law/politics/medicine),['Law'],1,"*En ole vielä varma, haluan vain ulkomaille!* / I'm not sure yet, I just want to go abroad!), *Iso-Britannia & Irlanti* / UK & Ireland, *Pohjois-Amerikka* / USA & Kanada, *Aasia* / Asia (esim. Singapore, Japani, Etelä-Korea)",True,"['still exploring', 'not sure']",18,0.7
PA-2026-QVWRSQYF,"TU Delft, Imperial College London, Cambridge, Oxford, Harvard, MIT, Stanford, Princeton","['TU Delft', 'Imperial College London', 'Cambridge', 'Oxford', 'Harvard', 'MIT', 'Stanford', 'Princeton']",8,"Engineering (robotics, ME, or EE)","['STEM', 'ME', 'EE)']",3,"*Iso-Britannia & Irlanti* / UK & Ireland, *Pohjois-Amerikka* / USA & Kanada, *Aasia* / Asia (esim. Singapore, Japani, Etelä-Korea), *Manner-Eurooppa* / Mainland Europe (esim. Hollanti, Ranska, Saksa)",False,[],11,1.0
PA-2026-UPU3ZLRJ,Heidelberg,['Heidelberg'],1,Biology,['Biology'],1,"*Manner-Eurooppa* / Mainland Europe (esim. Hollanti, Ranska, Saksa)",False,[],2,1.0
PA-2026-X22U97VT,"Sciences Po, Yonsei university","['Sciences Po', 'Yonsei university']",2,Tällä hetkellä ykkösvaihtoehtona political science mutta ei vielä täysin varma,['Tällä hetkellä ykkösvaihtoehtona political science mutta ei vielä täysin varma'],1,"*Manner-Eurooppa* / Mainland Europe (esim. Hollanti, Ranska, Saksa), *Aasia* / Asia (esim. Singapore, Japani, Etelä-Korea)",False,[],3,1.0
PA-2026-3BNZJF3P,"University of Amsterdam, Leiden University, Groningen University, Vrije Universiteit Amsterdam, Utrecht University, Tilburg University","['University of Amsterdam', 'Leiden University', 'Groningen University', 'Vrije Universiteit Amsterdam', 'Utrecht University', 'Tilburg University']",6,Media,['Media'],1,"*Manner-Eurooppa* / Mainland Europe (esim. Hollanti, Ranska, Saksa)",False,[],7,1.0
