candidate_id,first_name,last_name,email,survey1_link,survey2_link,survey3_link
PA-2026-1DJ1C297,Fiona,Donner,fifi.donner@gmail.com,https://typeform.com/to/INPUT_LATER?candidate_id=PA-2026-1DJ1C297,https://typeform.com/to/zFngaeX3?candidate_id=PA-2026-1DJ1C297,https://typeform.com/to/WovHvSpO?candidate_id=PA-2026-1DJ1C297
PA-2026-2NHIKGNN,Emilia,Huikko,huikko.emilia@gmail.com,https://typeform.com/to/INPUT_LATER?candidate_id=PA-2026-2NHIKGNN,https://typeform.com/to/zFngaeX3?candidate_id=PA-2026-2NHIKGNN,https://typeform.com/to/WovHvSpO?candidate_id=PA-2026-2NHIKGNN
PA-2026-2S7E24WX,Vanessa,Kovalenko,kovalenkovanessa@hotmail.com,https://typeform.com/to/INPUT_LATER?candidate_id=PA-2026-2S7E24WX,https://typeform.com/to/zFngaeX3?candidate_id=PA-2026-2S7E24WX,https://typeform.com/to/WovHvSpO?candidate_id=PA-2026-2S7E24WX
PA-2026-3BNZJF3P,Arina,Nasonova,arina.nasonova10@gmail.com,https://typeform.com/to/INPUT_LATER?candidate_id=PA-2026-3BNZJF3P,https://typeform.com/to/zFngaeX3?candidate_id=PA-2026-3BNZJF3P,https://typeform.com/to/WovHvSpO?candidate_id=PA-2026-3BNZJF3P
PA-2026-41X6MQOI,Aaro,Heikkila,aaro.s.heikkila@gmail.com,https://typeform.com/to/INPUT_LATER?candidate_id=PA-2026-41X6MQOI,https://typeform.com/to/zFngaeX3?candidate_id=PA-2026-41X6MQOI,https://typeform.com/to/WovHvSpO?candidate_id=PA-2026-41X6MQOI
PA-2026-6685LKS9,Kristina,Kiseleva,kiselevakristiina0@gmail.com,https://typeform.com/to/INPUT_LATER?candidate_id=PA-2026-6685LKS9,https://typeform.com/to/zFngaeX3?candidate_id=PA-2026-6685LKS9,https://typeform.com/to/WovHvSpO?candidate_id=PA-2026-6685LKS9
PA-2026-9NUSTWJG,Margarita,Gavriuk,margarytagavriuk@gmail.com,https://typeform.com/to/INPUT_LATER?candidate_id=PA-2026-9NUSTWJG,https://typeform.com/to/zFngaeX3?candidate_id=PA-2026-9NUSTWJG,https://typeform.com/to/WovHvSpO?candidate_id=PA-2026-9NUSTWJG
PA-2026-AVK7JISB,Sania,Tember,sania.tember@gmail.com,https://typeform.com/to/INPUT_LATER?candidate_id=PA-2026-AVK7JISB,https://typeform.com/to/zFngaeX3?candidate_id=PA-2026-AVK7JISB,https://typeform.com/to/WovHvSpO?candidate_id=PA-2026-AVK7JISB
PA-2026-B3YTO5PT,Utsav,Choudhury,utsav.choudhury1@gmail.com,https://typeform.com/to/INPUT_LATER?candidate_id=PA-2026-B3YTO5PT,https://typeform.com/to/zFngaeX3?candidate_id=PA-2026-B3YTO5PT,https://typeform.com/to/WovHvSpO?candidate_id=PA-2026-B3YTO5PT
PA-2026-BZ5MBYQQ,Lumia,Saarelma,lumia.saarelma@gmail.com,https://typeform.com/to/INPUT_LATER?candidate_id=PA-2026-BZ5MBYQQ,https://typeform.com/to/zFngaeX3?candidate_id=PA-2026-BZ5MBYQQ,https://typeform.com/to/WovHvSpO?candidate_id=PA-2026-BZ5MBYQQ
PA-2026-C4G8PE5X,Tinghe,Sun,suntinghe08@gmail.com,https://typeform.com/to/INPUT_LATER?candidate_id=PA-2026-C4G8PE5X,https://typeform.com/to/zFngaeX3?candidate_id=PA-2026-C4G8PE5X,https://typeform.com/to/WovHvSpO?candidate_id=PA-2026-C4G8PE5X
PA-2026-CRHEKW2B,Ali,Zabihi,ali.zabihi.1387.01.06@gmail.com,https://typeform.com/to/INPUT_LATER?candidate_id=PA-2026-CRHEKW2B,https://typeform.com/to/zFngaeX3?candidate_id=PA-2026-CRHEKW2B,https://typeform.com/to/WovHvSpO?candidate_id=PA-2026-CRHEKW2B
PA-2026-DX87HCWO,Kiti,Nieminen,kitimnieminen@gmail.com,https://typeform.com/to/INPUT_LATER?candidate_id=PA-2026-DX87HCWO,https://typeform.com/to/zFngaeX3?candidate_id=PA-2026-DX87HCWO,https://typeform.com/to/WovHvSpO?candidate_id=PA-2026-DX87HCWO
PA-2026-F7Z44YRC,Jiya,Jain,jjiya2125@gmail.com,https://typeform.com/to/INPUT_LATER?candidate_id=PA-2026-F7Z44YRC,https://typeform.com/to/zFngaeX3?candidate_id=PA-2026-F7Z44YRC,https://typeform.com/to/WovHvSpO?candidate_id=PA-2026-F7Z44YRC
PA-2026-G79H73B6,Nathalie,Nyman,nathaliehelenanyman@gmail.com,https://typeform.com/to/INPUT_LATER?candidate_id=PA-2026-G79H73B6,https://typeform.com/to/zFngaeX3?candidate_id=PA-2026-G79H73B6,https://typeform.com/to/WovHvSpO?candidate_id=PA-2026-G79H73B6
PA-2026-H85RXY9A,Amelie,Hao,amelie.hao24@gmail.com,https://typeform.com/to/INPUT_LATER?candidate_id=PA-2026-H85RXY9A,https://typeform.com/to/zFngaeX3?candidate_id=PA-2026-H85RXY9A,https://typeform.com/to/WovHvSpO?candidate_id=PA-2026-H85RXY9A
PA-2026-IM6WRBDV,Sahana,Suresh,sahana.suresh2509@gmail.com,https://typeform.com/to/INPUT_LATER?candidate_id=PA-2026-IM6WRBDV,https://typeform.com/to/zFngaeX3?candidate_id=PA-2026-IM6WRBDV,https://typeform.com/to/WovHvSpO?candidate_id=PA-2026-IM6WRBDV
PA-2026-IR3M7Z9G,Hertta,Jaako,herttajaako@gmail.com,https://typeform.com/to/INPUT_LATER?candidate_id=PA-2026-IR3M7Z9G,https://typeform.com/to/zFngaeX3?candidate_id=PA-2026-IR3M7Z9G,https://typeform.com/to/WovHvSpO?candidate_id=PA-2026-IR3M7Z9G
PA-2026-JCYQ8BG5,Sara,Piipari,sarapiipari.2023@gmail.com,https://typeform.com/to/INPUT_LATER?candidate_id=PA-2026-JCYQ8BG5,https://typeform.com/to/zFngaeX3?candidate_id=PA-2026-JCYQ8BG5,https://typeform.com/to/WovHvSpO?candidate_id=PA-2026-JCYQ8BG5
PA-2026-L93IDTX0,Qingzhu,Liang,liang.qingzhu.fin@gmail.com,https://typeform.com/to/INPUT_LATER?candidate_id=PA-2026-L93IDTX0,https://typeform.com/to/zFngaeX3?candidate_id=PA-2026-L93IDTX0,https://typeform.com/to/WovHvSpO?candidate_id=PA-2026-L93IDTX0
PA-2026-LQWUO961,Vasilisa,Shevchenko,wolsh.v@gmail.com,https://typeform.com/to/INPUT_LATER?candidate_id=PA-2026-LQWUO961,https://typeform.com/to/zFngaeX3?candidate_id=PA-2026-LQWUO961,https://typeform.com/to/WovHvSpO?candidate_id=PA-2026-LQWUO961
PA-2026-MZZ2ELAB,Nika,Dettmann,nika.dettmann@icloud.com,https://typeform.com/to/INPUT_LATER?candidate_id=PA-2026-MZZ2ELAB,https://typeform.com/to/zFngaeX3?candidate_id=PA-2026-MZZ2ELAB,https://typeform.com/to/WovHvSpO?candidate_id=PA-2026-MZZ2ELAB
PA-2026-N9PHOGMX,Michael,Kanjovski,misha.kanjovski@gmail.com,https://typeform.com/to/INPUT_LATER?candidate_id=PA-2026-N9PHOGMX,https://typeform.com/to/zFngaeX3?candidate_id=PA-2026-N9PHOGMX,https://typeform.com/to/WovHvSpO?candidate_id=PA-2026-N9PHOGMX
PA-2026-NWKIU1DN,Annika,Linnervuo,annika.linnervuo07@gmail.com,https://typeform.com/to/INPUT_LATER?candidate_id=PA-2026-NWKIU1DN,https://typeform.com/to/zFngaeX3?candidate_id=PA-2026-NWKIU1DN,https://typeform.com/to/WovHvSpO?candidate_id=PA-2026-NWKIU1DN
PA-2026-P3EEVS8B,Laura,Niemi,laura.niemi129@gmail.com,https://typeform.com/to/INPUT_LATER?candidate_id=PA-2026-P3EEVS8B,https://typeform.com/to/zFngaeX3?candidate_id=PA-2026-P3EEVS8B,https://typeform.com/to/WovHvSpO?candidate_id=PA-2026-P3EEVS8B
PA-2026-PQB61S9U,Rasmus,Kettunen,rasmus.kettunen@gmail.com,https://typeform.com/to/INPUT_LATER?candidate_id=PA-2026-PQB61S9U,https://typeform.com/to/zFngaeX3?candidate_id=PA-2026-PQB61S9U,https://typeform.com/to/WovHvSpO?candidate_id=PA-2026-PQB61S9U
PA-2026-QVWRSQYF,Haorui,Qian,haorui.qian@edu.hel.fi,https://typeform.com/to/INPUT_LATER?candidate_id=PA-2026-QVWRSQYF,https://typeform.com/to/zFngaeX3?candidate_id=PA-2026-QVWRSQYF,https://typeform.com/to/WovHvSpO?candidate_id=PA-2026-QVWRSQYF
PA-2026-ROYZPVPE,Keida,Kunxhiu,kkunxhiu@gmail.com,https://typeform.com/to/INPUT_LATER?candidate_id=PA-2026-ROYZPVPE,https://typeform.com/to/zFngaeX3?candidate_id=PA-2026-ROYZPVPE,https://typeform.com/to/WovHvSpO?candidate_id=PA-2026-ROYZPVPE
PA-2026-RUBCXWJF,Ronja,Voutilainen,ronjavoutilainen2007@gmail.com,https://typeform.com/to/INPUT_LATER?candidate_id=PA-2026-RUBCXWJF,https://typeform.com/to/zFngaeX3?candidate_id=PA-2026-RUBCXWJF,https://typeform.com/to/WovHvSpO?candidate_id=PA-2026-RUBCXWJF
PA-2026-TGD4DBOG,Mikaela,Sinda,miksu.vikellys@gmail.com,https://typeform.com/to/INPUT_LATER?candidate_id=PA-2026-TGD4DBOG,https://typeform.com/to/zFngaeX3?candidate_id=PA-2026-TGD4DBOG,https://typeform.com/to/WovHvSpO?candidate_id=PA-2026-TGD4DBOG
PA-2026-UPU3ZLRJ,Vladimir,Polisadov,vladi.polisadov@gmail.com,https://typeform.com/to/INPUT_LATER?candidate_id=PA-2026-UPU3ZLRJ,https://typeform.com/to/zFngaeX3?candidate_id=PA-2026-UPU3ZLRJ,https://typeform.com/to/WovHvSpO?candidate_id=PA-2026-UPU3ZLRJ
PA-2026-UV2JDK6W,Ellen,Lamsa,eepe08@gmail.com,https://typeform.com/to/INPUT_LATER?candidate_id=PA-2026-UV2JDK6W,https://typeform.com/to/zFngaeX3?candidate_id=PA-2026-UV2JDK6W,https://typeform.com/to/WovHvSpO?candidate_id=PA-2026-UV2JDK6W
PA-2026-V3K6CEIP,Oliver,Nieminen,oliver.nieminen08@gmail.com,https://typeform.com/to/INPUT_LATER?candidate_id=PA-2026-V3K6CEIP,https://typeform.com/to/zFngaeX3?candidate_id=PA-2026-V3K6CEIP,https://typeform.com/to/WovHvSpO?candidate_id=PA-2026-V3K6CEIP
PA-2026-VXR3YQYW,Elias,Korpelainen,elias.korpelainen@gmail.com,https://typeform.com/to/INPUT_LATER?candidate_id=PA-2026-VXR3YQYW,https://typeform.com/to/zFngaeX3?candidate_id=PA-2026-VXR3YQYW,https://typeform.com/to/WovHvSpO?candidate_id=PA-2026-VXR3YQYW
PA-2026-X22U97VT,Pinja,Liski,pinja.liski@icloud.com,https://typeform.com/to/INPUT_LATER?candidate_id=PA-2026-X22U97VT,https://typeform.com/to/zFngaeX3?candidate_id=PA-2026-X22U97VT,https://typeform.com/to/WovHvSpO?candidate_id=PA-2026-X22U97VT
PA-2026-X8SD2TQS,Rasmus,Suonpaa,rasmus.suonpaa@gmail.com,https://typeform.com/to/INPUT_LATER?candidate_id=PA-2026-X8SD2TQS,https://typeform.com/to/zFngaeX3?candidate_id=PA-2026-X8SD2TQS,https://typeform.com/to/WovHvSpO?candidate_id=PA-2026-X8SD2TQS
