candidate_id,email,first_name,last_name,uni_start_year
PA-2026-2S7E24WX,kovalenkovanessa@hotmail.com,Vanessa,Kovalenko,2028
PA-2026-G79H73B6,nathaliehelenanyman@gmail.com,Nathalie,Nyman,2027
PA-2026-IR3M7Z9G,herttajaako@gmail.com,Hertta,Jaako,2027
PA-2026-P3EEVS8B,laura.niemi129@gmail.com,Laura,Niemi,2027
PA-2026-B3YTO5PT,utsav.choudhury1@gmail.com,Utsav,Choudhury,2027
PA-2026-9NUSTWJG,margarytagavriuk@gmail.com,Margarita,Gavriuk,2027
PA-2026-H85RXY9A,amelie.hao24@gmail.com,Amelie,Hao,2027
PA-2026-VXR3YQYW,elias.korpelainen@gmail.com,Elias,Korpelainen,2028
PA-2026-1DJ1C297,fifi.donner@gmail.com,Fiona,Donner,2027
PA-2026-RUBCXWJF,ronjavoutilainen2007@gmail.com,Ronja,Voutilainen,2027
PA-2026-MZZ2ELAB,nika.dettmann@icloud.com,Nika,Dettmann,2027
PA-2026-V3K6CEIP,oliver.nieminen08@gmail.com,Oliver,Nieminen,2028
PA-2026-PQB61S9U,rasmus.kettunen@gmail.com,Rasmus,Kettunen,2028
PA-2026-JCYQ8BG5,sarapiipari.2023@gmail.com,Sara,Piipari,2028
PA-2026-X8SD2TQS,rasmus.suonpaa@gmail.com,Rasmus,Suonpaa,2027
PA-2026-UV2JDK6W,eepe08@gmail.com,Ellen,Lamsa,2028
PA-2026-LQWUO961,wolsh.v@gmail.com,Vasilisa,Shevchenko,2028
PA-2026-DX87HCWO,kitimnieminen@gmail.com,Kiti,Nieminen,2027
PA-2026-TGD4DBOG,miksu.vikellys@gmail.com,Mikaela,Sinda,2028
PA-2026-CRHEKW2B,ali.zabihi.1387.01.06@gmail.com,Ali,Zabihi,2028
PA-2026-41X6MQOI,aaro.s.heikkila@gmail.com,Aaro,Heikkila,2028
PA-2026-L93IDTX0,liang.qingzhu.fin@gmail.com,Qingzhu,Liang,2027
PA-2026-6685LKS9,kiselevakristiina0@gmail.com,Kristina,Kiseleva,2028
PA-2026-N9PHOGMX,misha.kanjovski@gmail.com,Michael,Kanjovski,2027
PA-2026-NWKIU1DN,annika.linnervuo07@gmail.com,Annika,Linnervuo,2027
PA-2026-2NHIKGNN,huikko.emilia@gmail.com,Emilia,Huikko,2027
PA-2026-BZ5MBYQQ,lumia.saarelma@gmail.com,Lumia,Saarelma,2027
PA-2026-ROYZPVPE,kkunxhiu@gmail.com,Keida,Kunxhiu,2027
PA-2026-IM6WRBDV,sahana.suresh2509@gmail.com,Sahana,Suresh,2028
PA-2026-F7Z44YRC,jjiya2125@gmail.com,Jiya,Jain,2027
PA-2026-C4G8PE5X,suntinghe08@gmail.com,Tinghe,Sun,2027
PA-2026-AVK7JISB,sania.tember@gmail.com,Sania,Tember,2028
PA-2026-QVWRSQYF,haorui.qian@edu.hel.fi,Haorui,Qian,2028
PA-2026-UPU3ZLRJ,vladi.polisadov@gmail.com,Vladimir,Polisadov,2027
PA-2026-X22U97VT,pinja.liski@icloud.com,Pinja,Liski,2027
PA-2026-3BNZJF3P,arina.nasonova10@gmail.com,Arina,Nasonova,2028
