candidate_id,first_name,last_name,email
PA-2026-2S7E24WX,Vanessa,Kovalenko,kovalenkovanessa@hotmail.com
PA-2026-G79H73B6,Nathalie,Nyman,nathaliehelenanyman@gmail.com
PA-2026-IR3M7Z9G,Hertta,Jaako,herttajaako@gmail.com
PA-2026-P3EEVS8B,Laura,Niemi,laura.niemi129@gmail.com
PA-2026-B3YTO5PT,Utsav,Choudhury,utsav.choudhury1@gmail.com
PA-2026-9NUSTWJG,Margarita,Gavriuk,margarytagavriuk@gmail.com
PA-2026-H85RXY9A,Amelie,Hao,amelie.hao24@gmail.com
PA-2026-VXR3YQYW,Elias,Korpelainen,elias.korpelainen@gmail.com
PA-2026-1DJ1C297,Fiona,Donner,fifi.donner@gmail.com
PA-2026-RUBCXWJF,Ronja,Voutilainen,ronjavoutilainen2007@gmail.com
PA-2026-MZZ2ELAB,Nika,Dettmann,nika.dettmann@icloud.com
PA-2026-V3K6CEIP,Oliver,Nieminen,oliver.nieminen08@gmail.com
PA-2026-PQB61S9U,Rasmus,Kettunen,rasmus.kettunen@gmail.com
PA-2026-JCYQ8BG5,Sara,Piipari,sarapiipari.2023@gmail.com
PA-2026-X8SD2TQS,Rasmus,Suonpaa,rasmus.suonpaa@gmail.com
PA-2026-UV2JDK6W,Ellen,Lamsa,eepe08@gmail.com
PA-2026-LQWUO961,Vasilisa,Shevchenko,wolsh.v@gmail.com
PA-2026-DX87HCWO,Kiti,Nieminen,kitimnieminen@gmail.com
PA-2026-TGD4DBOG,Mikaela,Sinda,miksu.vikellys@gmail.com
PA-2026-CRHEKW2B,Ali,Zabihi,ali.zabihi.1387.01.06@gmail.com
PA-2026-41X6MQOI,Aaro,Heikkila,aaro.s.heikkila@gmail.com
PA-2026-L93IDTX0,Qingzhu,Liang,liang.qingzhu.fin@gmail.com
PA-2026-6685LKS9,Kristina,Kiseleva,kiselevakristiina0@gmail.com
PA-2026-N9PHOGMX,Michael,Kanjovski,misha.kanjovski@gmail.com
PA-2026-NWKIU1DN,Annika,Linnervuo,annika.linnervuo07@gmail.com
PA-2026-2NHIKGNN,Emilia,Huikko,huikko.emilia@gmail.com
PA-2026-BZ5MBYQQ,Lumia,Saarelma,lumia.saarelma@gmail.com
PA-2026-ROYZPVPE,Keida,Kunxhiu,kkunxhiu@gmail.com
PA-2026-IM6WRBDV,Sahana,Suresh,sahana.suresh2509@gmail.com
PA-2026-F7Z44YRC,Jiya,Jain,jjiya2125@gmail.com
PA-2026-C4G8PE5X,Tinghe,Sun,suntinghe08@gmail.com
PA-2026-AVK7JISB,Sania,Tember,sania.tember@gmail.com
PA-2026-QVWRSQYF,Haorui,Qian,haorui.qian@edu.hel.fi
PA-2026-UPU3ZLRJ,Vladimir,Polisadov,vladi.polisadov@gmail.com
PA-2026-X22U97VT,Pinja,Liski,pinja.liski@icloud.com
PA-2026-3BNZJF3P,Arina,Nasonova,arina.nasonova10@gmail.com
