First name,Last Name,Email,Minä vuonna olet syntynyt? 😎,Mitä teet tällä hetkellä? 📚,Missä kaupungissa asut parhaillaan? 🏠,Missä koulussa käyt/olet käynyt lukion? 🎓,Milloin todennäköisesti alottaisit yliopistossa? 📅,"*Kansallisen linjan opiskelijat (ylioppilastutkinto):*
1) Mikä on tämän hetkinen lukion keskiarvosi /10 (esim. 8,5)?
2) Mitkä arvosanat olet saanut / odotat saavasi yo-kirjoituksista (esim. 2E, 3M)? ","Mikä on lempiaineesi, ja mahdollisesti teema tai aihe, joka kiehtoo sinua erityisesti? 🧪 ",Mistä koulun ulkopuolisesta saavutuksestasi olet erityisen ylpeä? ⭐️ ,Missä unelmoit opiskelevasi? (Valitse kaikki sopivat vaihtoehdot) 🤩,Mitkä yliopistot ovat toivelistallasi? (Valitse kaikki sopivat vaihtoehdot) 🏛️,Mitä alaa aiot hakea opiskelemaan?📚,Miksi haluat opiskella ulkomailla ja ja mitä olet jo tehnyt asian edistämiseksi?,"Kuvaavatko jotkut seuraavista tilanteistasi tai taustaasi? (Valitse kaikki sopivat vaihtoehdot)""","Onko taustassasi, elämäntilanteessasi tai kohtaamissasi haasteissa jotain muuta, josta haluaisit kertoa ja jonka toivoisit meidän ottavan huomioon",*Viimeinen kysymys:* Mistä kuulit Project Accessista ja tästä tapahtumasta? 📨,"Hyväksyisithän yksityisyyskäytäntömme? (GDPR, you know 🤷🏽‍♂️)",Submitted At,Token,Unnamed: 21,Unnamed: 22,"KEY: first round acceptances: blue, promising candidates: pink"
Vanessa,Kovalenko,kovalenkovanessa@hotmail.com,2008,Lukiolainen / High school student,Espoo,Kuninkaantien lukio,*2028* syksy / autumn,"1) ~8  2) 3E, 2M","1) Yhteiskuntaoppi 
2)Olen kiinnostunut erillaisista kulttuureista ja eri maiden välisestä yhteistyöstä. Myös erityisesti politiikka ja vaikuttaminen ovat minulle kiinnostavia.","1) Pääsin kolme kertaa haastateltavaksi BBC:n What in the World-podcastissa puhumaan avurruudesta.
2) Julkaisin Helsingin Sanomiin artikkelin nuorten ukrainalaisten pakolaisten elämästä suomessa, mikä oli kaksi päivä peräkkäin luetuin artikkeli Helsingin Sanomissa.
3) Pääsin haasteltavaksi myös Yle:lle puhumaan nuorten ahdistuksesta ja itsekin haastattelemaan suomen politiikkoja esim. MTV:lle","*Manner-Eurooppa* / Mainland Europe (esim. Hollanti, Ranska, Saksa), *Oseania */ Oceania (Australia & Uusi-Seelanti), *Iso-Britannia & Irlanti* / UK & Ireland, *Pohjois-Amerikka* / USA & Kanada","Oxford, Cambridge, Harvard, Stanford, Yale, New York University (NYU), London School of Economics, University College London, King's College London, University of Pennsylvania (incl. Wharton)",Lakitiedettä/Law,"Haluan opiskella ulkomailla koska haluan päästä opiskelemaan englanniksi ja tutustua uuten kulttuuriin. Olen lukenut monien yliopistojen nettisivuja, osallistunut parin yliopistoon infotilaisuuksiin ja suorittanut muutaman yliopiston avoimia maksuttomia kursseja. Olen myös hakenut paljon eri aloista monipuolisesti erilaista työkokemusta.","*Maahanmuuttajatausta / From an immigrant, refugee or asylum-seeking background* (This includes being a first-generation immigrant or a child of immigrants)",,Opinto-ohjaaja / Guidance councellor,True,13/05/2026 12:45:14,icun7ztatu68phcoicun7zta24e0uj0g,,,
Nathalie,Nyman,nathaliehelenanyman@gmail.com,2008,Lukiolainen / High school student,Kauniainen,Gymnasiet Grankulla Samskola,*2027* syksy / autumn,"1) 9,8 2) 6L",Lempi aineeni koulussa on pitkä matikka sillä tykkään ongelmien ratkomisesta. Olen kiinnostunut erityisesti talousmatematiikasta sekä tilastoista ja todennäköyisyydestä.,"Olen toiminut pörssilähettiläänä, osallistunut esampiin essee kilpailuihin ja ollut kahtena kesänä kesätöissä. Olen myös ylpeä voimistelu-urastani, sisältäen kolme kilpasarjan mestaruutta.","*Iso-Britannia & Irlanti* / UK & Ireland, *Manner-Eurooppa* / Mainland Europe (esim. Hollanti, Ranska, Saksa)","Bocconi, London School of Economics, University College London","Accounting and finance, international economics and finance, statistics, economics and finance.","Olen osallistunut projectaccessin study abroad konferanssiin, suorittanut SAT kokeen, puhunut opettajien kanssa sekä tehnyt supercurrcular activities. Supercurricularseja hakemuskirjettä varten olen esimerkiksi lukenut kolme kirjaa, käynyt kolme online kurssia, osallistunut kahteen essee kilpailuun, matikka kilpailuun ja fysiikka kilpailuun, tehnyt research projektin ja toiminut pörssilähettilään.",*Ei mikään yllä olevista / None of the above*,"Käyn pientä ruotsinkielistä lukioita jossa ei ole yhtäkään alumnia missään haluamaani koulussa, niin koululla on todella vaikeeta saada tukea.","Internet, Juliste / Flyer",True,11/05/2026 07:40:52,t5gioj3uua3wey4mt5giorj31ylz2pps,,,
Hertta,Jaako,herttajaako@gmail.com,2008,Lukiolainen / High school student,Oulu,Oulun Lyseon lukio IB-linja,*2027* syksy / autumn,40/45,English-I love both literature and linguistics! I’m interested in all kinds of literary theories and ways to look at literature as well as studying how language works. I also enjoy learning new languages.,I’m part of the editorial board in the youth literary magazine Lukufiilis. During my time there I have got to interview cool people and write about my interests for some money.,"*Iso-Britannia & Irlanti* / UK & Ireland, *Manner-Eurooppa* / Mainland Europe (esim. Hollanti, Ranska, Saksa)","Trinity College Dublin, University College Cork","Literature, maybe linguistics or sociology as a minor if possible","I want to study abroad because there aren’t many programs for English literature in Finland. I have been researching different options since middle school so I am quite aware of my options. I went to the IB because I wanted to improve my language skills and study English literature and I have been looking at different universities, their course requirements and fees.",*Ei mikään yllä olevista / None of the above*,,Opinto-ohjaaja / Guidance councellor,True,12/05/2026 19:20:52,435mfnl270pmu47gn435mpgqg8uzeqqd,,,
Laura,Niemi,laura.niemi129@gmail.com,2008,Lukiolainen / High school student,Kangasala,Tampereen lyseon lukio IB,*2027* syksy / autumn,"We haven't got our PG's yet, but currently I have 42/42 points (excl. core points)","My favourite subjects in school are history and economics, and I am especially interested in studying a variation of economics (not pure econ) in university. I am fascinated by how the entire man-made world can be explained economically, and how everything in economics is intertwined, creating a complex web that is the world we live in. I am also intrigued by the relationship between econ & nature","I got chosen as a summer employee of Lerøy in Norway for this year. I was already proud of myself for even applying, as it can be quite nerve-wracking to apply for a job in a foreign country with a language which you do not speak. I hope the experience will teach me independence and time management, as well as how a large business like Lerøy is managed.",*Iso-Britannia & Irlanti* / UK & Ireland,"Oxford, London School of Economics, Cambridge, University of Edinburgh, University College London, King's College London, University of St. Andrews, University of Warwick, Durham University, University of Exeter","Cambridge: environment, law & economics. Oxford: economics & management. <-my top 2 choices.","I spent a portion of my lower education abroad in Singapore, and I do not see myself living in a non-English speaking country (like Finland) in the future. I have visited the Universities of Oxford and Cambridge. I took part in an online Masterclass by Cambridge in my field of interest. I have started practising for the TARA admissions test, which is needed for Oxford E&M.",*Yksinhuoltajaperhe / Single-parent or single-guardian household*,,Opinto-ohjaaja / Guidance councellor,True,14/05/2026 06:08:12,7abk8pd4x5ki2pedi6uiz7abk8pp8rqa,,,
Utsav,Choudhury,utsav.choudhury1@gmail.com,2008,Lukiolainen / High school student,Espoo,Helsingin Suomalainen Yhteiskoulu,*2027* syksy / autumn,44/45. 4 HL + 7 subjects (7 predicted in 7th subject too).,"My favourite subject is mathematics, so I take Mathematics: Analysis and Approaches HL (predicted 7/7). The area that interests me most is differential equations and systems of differential equations, such as the Lotka–Volterra and SIR models. Consequently, I am writing my Extended Essay on differential equations.","I was part of the winning team at the Finnish National Debate Championship, where I ranked 6th nationally as a speaker. I also qualified for the finals of Finland's national competitive programming competition, placing among the top 26 competitors in the country.","*Iso-Britannia & Irlanti* / UK & Ireland, *Pohjois-Amerikka* / USA & Kanada","Bocconi, TU Delft, London School of Economics, Cambridge, Yale, Harvard, Stanford, Brown, MIT, University of Pennsylvania (incl. Wharton), Columbia, Princeton","Econ/Finance (Cambridge/LSE/Bocconi, US schools); Engineering/CS (TU Delft)","Studying abroad is the most direct path to the networks and credentials an internationally competitive career in finance or economics requires. I have researched entry requirements, funding options, and entrance exams across target universities, including Cambridge and LSE, and am actively preparing for the TMUA.","*Maahanmuuttajatausta / From an immigrant, refugee or asylum-seeking background* (This includes being a first-generation immigrant or a child of immigrants)",,"Kaverilta / Word of mouth, LinkedIn, Juliste / Flyer, Internet, Instagram, Opinto-ohjaaja / Guidance councellor",True,01/06/2026 07:20:39,tibg24a36j4n79gwgesz1ztibglzp3l5,,,
Margarita,Gavriuk,margarytagavriuk@gmail.com,2008,Lukiolainen / High school student,Lahti,Lahden Lukio Gaudia,*2027* syksy / autumn,41/45,"My favourite subject is history. I want to study International Relations and perhaps pursue diplomacy. Thus, I firmly believe that acquaintance with the past can prevent mistakes in the future. A topic that particularly fascinates me is the Spanish Civil War.","I am proud of moving to study abroad on my own at the age of fifteen, it has taught me a lot about independence, self-sufficiency, resilience, and adaptation.","*Iso-Britannia & Irlanti* / UK & Ireland, *Manner-Eurooppa* / Mainland Europe (esim. Hollanti, Ranska, Saksa)","Bocconi, Sciences Po, IE University, London School of Economics, King's College London","I plan to apply for International Relations/ European studies/ PPE, depending on the university.","International Relations revolves around globality. Finland does not offer International Relations degrees in English, and the best International Relations programmes are in Europe/UK. I have done research about programmes, courses, tuition fees, grade requirements and attended the Nordic University Tour.","*Maahanmuuttajatausta / From an immigrant, refugee or asylum-seeking background* (This includes being a first-generation immigrant or a child of immigrants), *Yksinhuoltajaperhe / Single-parent or single-guardian household*","I moved to Spain at the age of four with my single mom, she built a life for us, then I moved to Finland on my own to study when I was fifteen.",Opinto-ohjaaja / Guidance councellor,True,05/06/2026 07:01:14,0k4wjny0x370jj2cf0y0k4wjys8eumqy,,,
Amelie,Hao,amelie.hao24@gmail.com,2007,Lukiolainen / High school student,Espoo,Otaniemen lukio,*2027* syksy / autumn,"1) Keskiarvo 9.25 2) Olen saanut 2L 3E, uusin ja odotan 4L 1E",pure mathematics,Silver at the European girls Mathematical olympiad,"*Iso-Britannia & Irlanti* / UK & Ireland, *Pohjois-Amerikka* / USA & Kanada","Cambridge, Stanford, MIT, Harvard, Yale",Pure Mathematics,"selvittänyt pääsykokeita ja pääsyrajoja Cambridgesta, tutkinut erilaisia stipendejä, osallistunut Cambridge webinaariin","*Maahanmuuttajatausta / From an immigrant, refugee or asylum-seeking background* (This includes being a first-generation immigrant or a child of immigrants), *Yksinhuoltajaperhe / Single-parent or single-guardian household*",,"Instagram, Kaverilta / Word of mouth, Koulun tiedotteet",True,12/05/2026 16:03:43,hlvbnsefn3w9xbhb390jfoltinue2cdb,,,
Elias,Korpelainen,elias.korpelainen@gmail.com,2008,Lukiolainen / High school student,Espoo,Pohjois-Haagan yhteiskoulu,*2028* syksy / autumn,"1) 9,5 2) 5L",Lempiaineeni ovat fysiikka ja matematiikka. Erityisesti kvanttifysiikka ja kvanttitietokoneet kiehtovat minua.,Edustin tänä vuonna Suomea Pohjoismaiden ja Baltian fysiikkaolympialaisissa (NBPhO) vuotta nourempana. Voitin joukkueeni kanssa muutama vuosi sitten ikäluokkani Suomen mestaruuden ja HesaCupin jalkapallossa.,"*Iso-Britannia & Irlanti* / UK & Ireland, *Pohjois-Amerikka* / USA & Kanada","Cambridge, Oxford, MIT",Quantum Mechanics,"Minua kiehtoo ulkomaisten yliopistojen taso ja piirit joissa pääsisin todella haastamaan itseäni. 
Olen tutkinut valintaperusteita yliopistojen sivuilta ja kysynyt opinto-ohjaajaltani apua, sekä pohtinut rahoitusta, sillä yliopistot ulkomailla ovat aika kalliita.",*Ei mikään yllä olevista / None of the above*,,Opinto-ohjaaja / Guidance councellor,True,20/05/2026 09:10:30,jathiqjnoh5ce7jatho3pwayymb5367f,,,
Fiona,Donner,fifi.donner@gmail.com,2008,Lukiolainen / High school student,Espoo,Ressu IB,*2027* syksy / autumn,My predicted IB score is 44/45 based on course gade averages and TOK/EE feedback.,"My favorite subject is economics and within it I am interested in macroeconomics, especially monetary and fiscal policy.","I am proud of my 7 year experience of being a singer at Espoo's pop-jazz institute. Additionally, trough piano, guitar and musical theory I have been able to develop myself as a performer.","*Iso-Britannia & Irlanti* / UK & Ireland, *Manner-Eurooppa* / Mainland Europe (esim. Hollanti, Ranska, Saksa)","Sciences Po, London School of Economics, University College London, King's College London, Bocconi",Economics,"Studying abroad is my dream as I would continue developing an intercuItural understanding of not just economics as my course but the international people around me. I have attended universities' and PA webinars and fairs, travelled to tour LSE, studied French B as a seventh IB subject(considering Sciences Po) and volunteered as an Erasmus visitor guide to learn about studies abroad.","*Maahanmuuttajatausta / From an immigrant, refugee or asylum-seeking background* (This includes being a first-generation immigrant or a child of immigrants)",,"Instagram, Opinto-ohjaaja / Guidance councellor, Kaverilta / Word of mouth, Internet, Juliste / Flyer",True,04/06/2026 19:26:47,m1g16nvuml5afz9xxstvsm1g16n3ehrs,,,
Ronja,Voutilainen,ronjavoutilainen2007@gmail.com,2007,Välivuosi / Gap year,Espoo,Gymnasiet Grankulla Samskola,*2027* syksy / autumn,"1) noin 9 keskiarvo ja 2) 2L, 2E, 2M","Lempiaineeni on tällä hetkellä yhteiskuntaoppi. Erityisesti ekonomia, sekä kansallinen että kansainvälinen ja myös sen suhde politiikkan. Myös ajankohtaisten kysymysten keskustelu on syy siihen että pidän yhteiskuntaopista aineena.","Osallistumisestani opintomatkaan Kenyaan tammikuussa. Matkalle ei lähtenyt kukaan läheinen ystäväni, ja sen yksin kokeminen jännitti, mutta olen ylpeä että lähdin siitä huolimatta ja sain kokea unohtumattomia hetkiä toisella puolen maailmaa. Siellä veimme koulukirjoja kenyalaiselle koululle dagsverkissä kerätyillä rahoilla, ja sain olla mukana tukemassa ja auttamassa muita.","*Iso-Britannia & Irlanti* / UK & Ireland, *Manner-Eurooppa* / Mainland Europe (esim. Hollanti, Ranska, Saksa), *Aasia* / Asia (esim. Singapore, Japani, Etelä-Korea), *Pohjois-Amerikka* / USA & Kanada","University of St. Gallen, London School of Economics, Oxford, Cambridge, Harvard, Princeton, Columbia, Stanford, University of Pennsylvania (incl. Wharton), New York University (NYU), Bocconi",Economics! Erityisesti rahoitusala kiinnostaisi.,"Uskon että se antaa enemmän mahdollisuuksia tulevaisuudelle ja siellä on enemmän kilpailua. Minua kiinnostaa kansainvälisyys ja olen kauan tiennyt että haluan kansainvälisen uran, johon tämä olisi mahtava alku. Olen tutkinut eri mahdollisuuksia, pääosin Sveitsistä mutta myös muualta maailmaa, mutta haluaisin kuulla enemmän eri vaihtoehdoista ja niiden mahdollisuuksista.",*Ei mikään yllä olevista / None of the above*,,"Opinto-ohjaaja / Guidance councellor, Kaverilta / Word of mouth, Juliste / Flyer",True,21/05/2026 14:30:15,8vamq4rav8eluol11kqqiz8vamq4r91t,,,
Nika,Dettmann,nika.dettmann@icloud.com,2008,Lukiolainen / High school student,Kauniainen,Gymnasiet Grankulla samskola,*2027* syksy / autumn,"1) 9.8 2) 6-7L, 1-2E","My favorite subjects are mathematics and psychology. In mathematics I've always enjoyed the problem-solving aspect, and I particularly enjoy geometry since it requires you to visualize the problem and find creative solutions on your own. In psychology, I am especially drawn to the fact that things we subconsciously perceive can influence our behavior, which I find both scary and fascinating.","I am especially proud of being a part of a Ukraine humanitarian aid initiative for over a year, including co-organizing a fundraising concert that raised 3000€. In addition, I am proud of the work I do coaching gymnastics, creating a space for children to learn and develop in the sport I grew up competing in.",*Pohjois-Amerikka* / USA & Kanada,"Harvard, Stanford, Columbia, Yale",Still exploring,"I want to study in the US for the discussion-based classes, campus-life and breadth of academic opportunities. I have attended the PA study abroad conference, taken the SAT, researched requirements, emailed universities, explored scholarships, and competed in national math/physics contests. I also gained impactful volunteer experience through my work for Ukraine and discipline through gymnastics.",*Ei mikään yllä olevista / None of the above*,,Kaverilta / Word of mouth,True,11/05/2026 11:45:09,y6au4akq70tfj33aby6au4a0xnu11rdd,,,
Oliver,Nieminen,oliver.nieminen08@gmail.com,2008,Lukiolainen / High school student,Espoo,Otaniemen lukio,*2028* syksy / autumn,"9,85, 6L","Lempiainetta on hankala valita LuMa-aineiden (matikka, fysiikka, kemia, biologia) väliltä, mutta jos täytyy niin nimeäisin niistä suosikiksi biologian. Erityisen mielenkiintoisena pidän aiheita, jotka yhdistävät tietämystä useista näistä aineista - esimerkiksi bioteknologiaa.","Valokuvaus on pitkäaikainen harrastukseni ja olen ylpeä kehityksestäni ja saavutuksistani sen suhteen. Olen päässyt taitojeni ansiosta kuvaamaan monia suuria tapahtumia, minkä myötä olen sekä saanut ilmaista itseäni taiteen kautta että saanut kuvani tuhansien ihmisten nähtäville.","*Pohjois-Amerikka* / USA & Kanada, *Oseania */ Oceania (Australia & Uusi-Seelanti)","Yale, Harvard, Brown, Stanford, New York University (NYU), University of Melbourne","Biologia ja insinööriys kiinnostavat, mutta still exploring tarkan alan suhteen✌️","Perheelläni on paljon taustaa kansainvälisestä opiskelusta ja työskentelystä, ja haluan itsekin tehdä urastani hyvin kansainvälisen, jota varten koen ulkomailla opiskelun olevan ensimmäinen askel. Asian edistämiseksi olen kysynyt asiasta tutuiltani, joilla on kokemusta, osallistunut Project Accessin webinaareihin ja ottanut selvää ulkomaisista yliopistoista sekä niiden hakuprosesseista.",*Ei mikään yllä olevista / None of the above*,,Kaverilta / Word of mouth,True,05/06/2026 20:14:48,pgxa9vdobs7ezvpgxa9vhuziungaxu3i,,,
Rasmus,Kettunen,rasmus.kettunen@gmail.com,2008,Lukiolainen / High school student,Helsinki,Mäkelänrinteen lukio,*2028* syksy / autumn,2L 3E1M,"Yhteiskuntaoppi, Historia, Englanti ja Ruotsi ovat lempi oppiaineitani",Useammasta squashin suomenmestaruusmitalista ja kansainvälisellä tasolla kilpailemisesta,"*Iso-Britannia & Irlanti* / UK & Ireland, *Manner-Eurooppa* / Mainland Europe (esim. Hollanti, Ranska, Saksa), *Pohjois-Amerikka* / USA & Kanada, *Oseania */ Oceania (Australia & Uusi-Seelanti)","University of Amsterdam, Leiden University, Trinity College Dublin, London School of Economics, University College London, King's College London, University of Edinburgh, Oxford, Yale, Harvard, New York University (NYU), Princeton",Oikeustiede tai kauppatiede,"Haluaisin opiskella ulkomailla, koska ulkomaat ja niiden kulttuurit kiinnostavat minua. Tykkään olla ulkomailla uusissa paikoissa ja olen hyvä sopeutumaan ja oppimaan uusia kieliä. Puhun nyt jo useampaa kieltä. Tulevaisuudessa nään itseni ulkomailla enkä Suomessa. Tähän mennessä olen etsinyt tietoa ulkomailla opiskelusta ja ollut yhteydessä alumneihin, jotka ovat opiskelleet ulkomailla.",*Ei mikään yllä olevista / None of the above*,,Opinto-ohjaaja / Guidance councellor,True,13/05/2026 06:52:59,thqfsoffbebfe7wizkthqxz0o57uodjk,,,
Sara,Piipari,sarapiipari.2023@gmail.com,2009,Lukiolainen / High school student,Kotka,Kotkan lyseo,*2028* syksy / autumn,"1) Tällä hetkellä lukuaineissa 10.0, kaikissa 9.89, 2) ainakin 7L, 2-3E","Olen aina ollut yleisutelias ihminen, kiinnostunut vähän kaikesta kulttuurista kvanttimekaniikkaan, mutta luonnontieteet ja matematiikka, etenkin lääketiede, fysiikka ja neurotieteet vetävät puoleensa, samoin filosofia on aina ollut erityisen kiehtovaa.",Pörssilähettiläänä toimimisesta sekä urheilussa saavutetuista merkkipaaluista,"*Iso-Britannia & Irlanti* / UK & Ireland, *Manner-Eurooppa* / Mainland Europe (esim. Hollanti, Ranska, Saksa)","University of Amsterdam, University of Edinburgh, Oxford, Imperial College London, Maastricht University, Leiden University, Sciences Po, King's College London, Cambridge, Stanford, University of St. Gallen, Trinity College Dublin, University College London, TU Delft, Harvard, MIT, Heidelberg, ETH, Karolinska",Medicine or physics,"Olen tutustunut eri yliopistojen koulutustarjontaan ja maksuihin, panostanut kieliin ja parantanut vuorovaikutustaitojani verkostoitumisen kautta (Pörssilähettiläs-ohjelma). Olen kiinnostunut ulkomailla opiskelusta erityisesti sen tarjoamien monipuolisten tutkimusmahdollisuuksien ja syventävän opetuksen sekä kansainvälisyyden tuomien kulttuurillisten oppimismahdollisuudet ja kokemusten vuoksi.",*Ei mikään yllä olevista / None of the above*,,Opinto-ohjaaja / Guidance councellor,True,15/05/2026 08:30:55,mdftcuqa3lq1owhckamdftceksbrfq8v,,,
Rasmus,Suonpaa,rasmus.suonpaa@gmail.com,2008,Lukiolainen / High school student,Helsinki,Tikkurilan lukio IB,*2027* syksy / autumn,40/45,I like history since it's all about states and how they interact with each other. So essentially anything to do with states/countries is what I find interesting within the subject.,I've learned a foreign language by myself.,"*Manner-Eurooppa* / Mainland Europe (esim. Hollanti, Ranska, Saksa)",KU Leuven,Business or political science,Studying abroad has been a dream of mine for a long time. I've done some research on program-specific requirements and I've gained relevant volunteering experience.,*En halua sanoa / Prefer not to say*,,Kaverilta / Word of mouth,True,27/07/2026 19:17:27,ljcjb57zz7v0forogljctvjmdyv9mq9v,,,
Ellen,Lamsa,eepe08@gmail.com,2008,Lukiolainen / High school student,Oulu,Oulun Suomalaisen Yhteiskoulun Lukio,*2028* syksy / autumn,"1. 7.8/10 2. Prediction 1L, 4E, 2M","My favourite subjects are Spanish, psychology, visual arts and theatre. I'm especially fascinated by languages. Spanish is a very special language to me and I want to be in close contact with it in my studies after highschool, well into my future working life. I'm also intrigued by other languages and want to start studying new languages in the future.","I learnt to read when I was 4 years old and have been keen on reading ever since. I have read books my whole childhood and my love for books is still strong, even if my reading has lessened due to the amount of schoolwork at the moment. I'm able to read in two languages, Finnish and English, and I'm working on my goal to be able to read books in Spanish as well.","*Manner-Eurooppa* / Mainland Europe (esim. Hollanti, Ranska, Saksa)","University of Alicante, University of Valencia, Jaume I University",I'm going to apply for Linguistics and Translation.,"I want to study abroad to discover new perspectives, meet new people and to improve my language skills. I have done some research on a couple universities that provide courses I'm interested in and studied my target country's language (Spanish). I have also attended one Project Access webinar. I hope Project Access can help me find ways to prepare and explore studying abroad even more!",*Ensimmäisen sukupolven korkeakouluopiskelija / First generation university student* (Neither of my parents / guardians have completed a bachelors degree),"I am diagnosed with Autism Spectrum Disorder (ASD). It impacts my way of interacting with people, perceiving situations and interpreting instructions. It also makes me tire out easier and more vulnerable to burnout. Despite these challenges, I am capable of studying and can thrive when accordingly accomodated.","Opinto-ohjaaja / Guidance councellor, Internet",True,12/05/2026 20:56:21,0lnh23b0dddqsgoh0t0lnh23b0b3sxw6,,,
Vasilisa,Shevchenko,wolsh.v@gmail.com,2008,Lukiolainen / High school student,Helsinki,Mäkelänrinteen Lukio,*2028* syksy / autumn,8 1L 2E 3M,I love analytical geometry. I enjoy chemistry quite a lot. I also like art. It gives me an opportunity to express myself and “manage” projects.,I've been in top16 in a cadet circuit for fencing. Coaching the next gen. And making my own art projects.,"*Iso-Britannia & Irlanti* / UK & Ireland, *Manner-Eurooppa* / Mainland Europe (esim. Hollanti, Ranska, Saksa), *Pohjois-Amerikka* / USA & Kanada, *En ole vielä varma, haluan vain ulkomaille!* / I'm not sure yet, I just want to go abroad!)","University of Amsterdam, Trinity College Dublin, University College London, MIT, University of Edinburgh, Brown, Princeton, Duke, Notre Dame",Engineering,I've looked into fencing programmes. I think i understand what I need to apply to America or England and i understand how those two evaluate the students.,"*Maahanmuuttajatausta / From an immigrant, refugee or asylum-seeking background* (This includes being a first-generation immigrant or a child of immigrants)",I have dyslexia. I am a student athlete,Opinto-ohjaaja / Guidance councellor,True,13/05/2026 20:14:07,mjhu2gpxzw1sknckcpna3damjhu2gpam,,,
Kiti,Nieminen,kitimnieminen@gmail.com,2007,Lukiolainen / High school student,Tampere,Tampereen lyseon lukio,*2027* syksy / autumn,1) 8.5 2) 1L 4E 1M,"Matematiikka (koodaus), englanti, filosofia","Olen ollut järjestämässä englanninkielistä johtajuuskoulutusta Saksassa, esiinnyin siellä useampaan otteeseen 200+ ihmisen edessä","*Iso-Britannia & Irlanti* / UK & Ireland, *Manner-Eurooppa* / Mainland Europe (esim. Hollanti, Ranska, Saksa), *Pohjois-Amerikka* / USA & Kanada, *En ole vielä varma, haluan vain ulkomaille!* / I'm not sure yet, I just want to go abroad!)","Cambridge, Yale, Harvard, MIT, New York University (NYU)",ICT / IT / Computer science,"Olen selvitellyt mitä tarvitsisi suorittaa että voi hakea esim USA:n yliopistoihin, olen selvitellyt scholarships, osallistunut kansainväliseen toimintaan (vaihto, projektit, tms)",*Ei mikään yllä olevista / None of the above*,,Opinto-ohjaaja / Guidance councellor,True,15/05/2026 05:14:07,ok1ivnvf8s6iryhvtyok1iv2j1immfg9,,,
Mikaela,Sinda,miksu.vikellys@gmail.com,2009,Lukiolainen / High school student,Helsinki,Ressu IB World School,*2028* syksy / autumn,"1) Pre-IB GPA: 9,3   2) With the grades I have from my IB subjects, I expect to receive ≈42-43/45.","I’ve always found global politics and international trade, especially when combined with economics and military operations, particularly fascinating because of how they affect the daily lives of individuals. Due to this, my favourite subjects are Economics and History, with a special interest in the connections between politics, economics, and historical events such as the Wall Street Crash.","I am especially proud of my role within the European Youth Parliament, where I have both organised events abroad and was one of seven Finnish delegates selected this year to take part in an International Session in Italy based on performance at Nationals. I am also a Finnish national dressage team athlete and have won silver at the Nordic Baltic Championships as well as trained with Olympians.","*Pohjois-Amerikka* / USA & Kanada, *Aasia* / Asia (esim. Singapore, Japani, Etelä-Korea), *Oseania */ Oceania (Australia & Uusi-Seelanti), *Iso-Britannia & Irlanti* / UK & Ireland","London School of Economics, Stanford, University of Pennsylvania (incl. Wharton), Columbia, Yale, Princeton, Cambridge, Harvard, New York University (NYU), Dartmouth, The University of Sydney, University of Toronto, Georgetown, Cornell, and Duke","I plan to apply to study Economics, potentially combined with Global Affairs as a double major.","For me, studying abroad is an opportunity to push myself to new limits, connect with future leaders, and learn from some of the world’s best professors. I’ve visited campuses, spoken with alumni, and attended info sessions. I’ve also gained insight into the application process from a Bootcamp ’24 alumna, while building my profile by volunteering in politics and sports alongside leadership roles.",*Yksinhuoltajaperhe / Single-parent or single-guardian household*,"I’ve always been someone who goes after opportunities, even when they seem insane, which is why I moved independently from a small village to a city at 14 for better education and sports training. Sounds crazy, yes, but it taught me independence and stress management skills. Nowadays, I wake up at around 4 AM to train before school in order to balance academics, sports, and extracurriculars.","Opinto-ohjaaja / Guidance councellor, Instagram, Juliste / Flyer, Kaverilta / Word of mouth, LinkedIn",True,13/05/2026 20:43:08,sbma7bbf1s65cz36sbmaxpau8gdrve2x,,,
Ali,Zabihi,ali.zabihi.1387.01.06@gmail.com,2008,Lukiolainen / High school student,Rovaniemi a,Lyseonpuiston,*2028* syksy / autumn,43,"Computer science 
AI","I have achieved 8th place in wro(world robotics Olympiad) in the world at 2020 
I also have 5 country medals from 2019 to 2026","*Manner-Eurooppa* / Mainland Europe (esim. Hollanti, Ranska, Saksa)","University of St. Gallen, Trinity College Dublin, IE University, Oxford, Cambridge, Harvard, Stanford, MIT, Princeton, University College London, King's College London, Imperial College London",Computer science,I have researched on the best universities and the best education the provide and have decided to study abroad,*Ei mikään yllä olevista / None of the above*,I have moved from Iran to study in Europe,A friend of mine,True,18/05/2026 09:36:55,tphia1v87rmqh4mtphianbzeb68208yf,,,
Aaro,Heikkila,aaro.s.heikkila@gmail.com,2008,Lukiolainen / High school student,Helsinki,Mäkelänrinteen lukio,*2028* syksy / autumn,"1. 9,0 2. Biology E (spring 26) Upcoming: FY L, KE E, MAA E, YH L, EN L, ÄI L","I am really interested in economics, especially macroeconomics and the bond and stock markets. I am at my best when the stock and bond markets are combined with geopolitical issues or questions and I really enjoy building different risk scenarios that may affect markets. I also love medicine and physics, but I believe my greatest strength is still the wide understanding of global economy.","I achieved the third place in the national finance competition with more than 1300 participates. I also got ""Best Debater"" -award from the Union of Finnish Upper Secondary School Students for my performance in economic debate. More about my achievements can be found on my LinkedIn profile:  https://www.linkedin.com/in/aaro-heikkil%C3%A4-3633a4347/","*Iso-Britannia & Irlanti* / UK & Ireland, *Manner-Eurooppa* / Mainland Europe (esim. Hollanti, Ranska, Saksa), *Pohjois-Amerikka* / USA & Kanada","University of Amsterdam, University College London, Oxford, Stanford, University of Pennsylvania (incl. Wharton), Columbia, Brown, Yale, Harvard, MIT, New York University (NYU), Maastricht University, Imperial College London, London School of Economics, Cambridge",Most likely business but other possibility is also medicine.,"I want to study abroad because I hope to build my future career internationally and surround myself with ambitious, motivated people in a highly challenging environment. I have already built strong work experience, done volunteer work to promote financial literacy among young people, started to prepare for the SAT, visited US top universities and interviewed the students of those schools.",*Ei mikään yllä olevista / None of the above*,"One thing I would like to mention is that my strong interest and knowledge in economics and finance have developed entirely independently, as no one in my family works in this field or has a background in it.","Opinto-ohjaaja / Guidance councellor, LinkedIn",True,19/05/2026 03:06:48,3dxciftekrxt3dxw8lxj5zk197jhw4w8,,,
Qingzhu,Liang,liang.qingzhu.fin@gmail.com,2008,Lukiolainen / High school student,Oulu,Oulun Lyseon lukion IB linja,*2027* syksy / autumn,40/45,"My favourite subject is psychology, and I am especially interested in social psychology. I find it fascinating how strongly the cognitive function and state of a person are affected by factors such as upbringing and individuals we surround ourselves with.","I am proud of creating my own digital artworks in my free time. While, the IB diploma program can be time consuming - even draining at times, I have tried to find balance in my daily life, by dedicating time for drawing. The creation of visual art is something I consider close to heart, and I am glad to be able to practice it despite adversities.","*Iso-Britannia & Irlanti* / UK & Ireland, *Manner-Eurooppa* / Mainland Europe (esim. Hollanti, Ranska, Saksa), *Pohjois-Amerikka* / USA & Kanada","University of Amsterdam, Trinity College Dublin, King's College London, University of Toronto",Psychology,"I am interested in studying abroad, to develop personal independence and academic skills, as well as to widen my global perspective. I have researched university websites to see the grade requirements as well as online forums related to living in the areas the universities are located in.","*Maahanmuuttajatausta / From an immigrant, refugee or asylum-seeking background* (This includes being a first-generation immigrant or a child of immigrants)",,Opinto-ohjaaja / Guidance councellor,True,19/05/2026 12:21:36,jc6elhwq0q2mt2nveyeyjc6elnomn3ar,,,
Kristina,Kiseleva,kiselevakristiina0@gmail.com,2009,Lukiolainen / High school student,Kotka,Kotkan lyseo,*2028* syksy / autumn,"1. 8.8/10 2. 5L, 1E, 1M","My absolute favourites are chemistry and biology, but I’m also super interested in physics and learning lots of different languages.",I achieved my gym goal and started living and enjoying life for myself and not for other people.,"*Aasia* / Asia (esim. Singapore, Japani, Etelä-Korea), *Oseania */ Oceania (Australia & Uusi-Seelanti), *Muualla maailmassa* / Other (Etelä-Amerikka tai Afrikka)","University of Amsterdam, Maastricht University, Leiden University, Bocconi, Sciences Po, IE University, University of St. Gallen, Trinity College Dublin, TU Delft, University College London, King's College London, Imperial College London, University of Edinburgh, Cambridge, Columbia, New York University (NYU), Princeton, University of Pennsylvania (incl. Wharton), MIT, Brown, Stanford, London School of Economics, Oxford","Chembio, Biology or Veterinary",I love traveling to different countries and i hope to seek as much knowledge as i can from this world. I really like exploring different cultures and broadening my horizons.,"*Yksinhuoltajaperhe / Single-parent or single-guardian household*, *Maahanmuuttajatausta / From an immigrant, refugee or asylum-seeking background* (This includes being a first-generation immigrant or a child of immigrants)",,Wilma message,True,14/05/2026 18:45:09,p9juk1o1oltd14k5dtp9jukoxfsa2yj0,,,
Michael,Kanjovski,misha.kanjovski@gmail.com,2008,Lukiolainen / High school student,Tampere,Tampereen lyseon lukio,*2027* syksy / autumn,"Olen Ibltä, viimeisten avosanojen mukaan 38/42 tai 41/45",Economics (Finance)+data analysis,I organized and coordinated the Finnish Team Chess championship that included over 500 players,"*Iso-Britannia & Irlanti* / UK & Ireland, *Aasia* / Asia (esim. Singapore, Japani, Etelä-Korea)","Cambridge, Imperial College London, King's College London, University College London, London School of Economics, Universities in Singapore NUS and NTU, in China Hong Kong uni and other uni in hong kong. University of Wawerick if i remember correctly maybe universities in Swiztherland like ETH",Finance and data analysis,I want to study abroad because I believe im capable to be in top tier university and I want to see the world and other systems. I did some research on what there is to offer in different places and what they expect from me. I checked a bit of websites and even reached out to one of unis,"*Maahanmuuttajatausta / From an immigrant, refugee or asylum-seeking background* (This includes being a first-generation immigrant or a child of immigrants)",,Opinto-ohjaaja / Guidance councellor,True,15/05/2026 14:49:41,rhl6l2ps5otjvksbkfkrhl6l2ef40gdl,,,
Annika,Linnervuo,annika.linnervuo07@gmail.com,2007,Välivuosi / Gap year,Espoo,Etelä-Tapiolan lukio,*2027* syksy / autumn,1) 9.4 2) 4L 2E,"Historia, kansainväliset suhteet, poliittinen historia","Olen ylpeä siitä psykologisesta kehityskaaresta, jonka olen tehnyt viime vuosina. Olen löytänyt lujaa itsevarmuutta ja sisäistä kipinää tavoitella hullujakin unelmia.","*Iso-Britannia & Irlanti* / UK & Ireland, *Manner-Eurooppa* / Mainland Europe (esim. Hollanti, Ranska, Saksa)","University College London, Imperial College London, Cambridge, University of Amsterdam, Maastricht University","Still exploring, mahdollisesti lakia, bisnestä tai kansainvälisiä suhteita (miksei kaikkia..)","Minulla on suuri sisäinen palo nähdä ja ymmärtää maailmaa ja ratkaista sen ongelmia muualta kuin Suomesta käsin, sekä tutustua uuteen kulttuuriin ja luoda verkostoja ympäri maailman. Olen etsinyt tietoa alatarjonnasta eri yliopistoissa ja tutustunut hieman hakuprosesseihin ja rahoituskysymyksiin.",*Ei mikään yllä olevista / None of the above*,,Instagram,True,26/05/2026 19:49:44,tyask16wlnwx8xnxy1atyask14dnw1po,,,
Emilia,Huikko,huikko.emilia@gmail.com,2008,Lukiolainen / High school student,Helsinki,"Kulosaaren Yhteiskoulu, Yhteiskunta- ja talouslinja",*2027* syksy / autumn,1) Tämänhetkinen lukion keskiarvoni on noin 8/10. (luma aineet alentaneet) 2) Kirjoitukset: 5L 1E,"Yhteiskuntaoppi! Olen ertyisen kiinnostunut kansainvälisistä suhteista, politiikan historiasta sekä diplomatiasta. Niissä kiehtoo erityisesti se, miten monimutkaisia valtioiden väliset suhteet ovat ja kuinka paljon historia vaikuttaa siihen, mitä maailmassa tapahtuu nyt.",Olen ylpeä saavutuksistani Model European Parliamentissa. Suomen istunnon jälkeen minut valittiin kansainväliseen MEP-istuntoon Suomen delegaatioon ja myöhemmin minut valittiin toimimaan Suomessa komiteapresidenttinä. Olen myös nuorisoneuvoston puheenjohtaja. Näissä tehtävissä oon päässyt muuttamaan kiinnostukseni politiikkaan ja kansainvälisiin suhteisiin konkreettiseksi vastuuksi ja tekemiseksi.,"*Manner-Eurooppa* / Mainland Europe (esim. Hollanti, Ranska, Saksa), *Pohjois-Amerikka* / USA & Kanada","Sciences Po, Maastricht University, University of Amsterdam, New York University (NYU), Harvard, Yale",International Relations / Political Science,"Olen pitkään tiennyt haluavani opiskella ulkomailla. Haluan haastaa itseni kansainvälisessä ja kunnianhimoisessa ympäristössä ja nähdä, mihin pystyn. Olen tehnyt tavoitteen eteen tietoisia valintoja jo vuosia: opiskellut kieliä, hakeutunut kansainvälisiin edustus- ja luottamustehtäviin sekä perehtynyt ulkomaisiin yliopistoihin ja hakuprosesseihin.",*Ei mikään yllä olevista / None of the above*,"Vanhempieni ero ja läheisen sairastuminen lukioaikanani vaikutti jaksamiseeni ja keskittymiseeni, mikä näkyi ajoittain myös koulumenestyksessäni. Elämäntilanteeni on sittemmin tasaantunut, ja tällä hetkellä pystyn jälleen keskittymään täysillä opiskeluun ja tulevaisuuteeni. Motivaationi opiskeluun ja omien tavoitteideni saavuttamiseen on nyt erittäin vahva.",Opinto-ohjaaja / Guidance councellor,True,16/08/2026 14:38:00,ezf4lbr6113nnx5u47tvezf4lbryo9ta,,,
Lumia,Saarelma,lumia.saarelma@gmail.com,2008,Lukiolainen / High school student,Kotka,Kotkan lyseo,*2027* syksy / autumn,"1) Tämän hetkinen kurssien keskiarvoni on noin 8,2. 2) Odotan saavani kirjoituksista 3L, 2E ja 1M","Vaikea valita vain yhtä, mutta lempiaineeni ovat maantieto, fysiikka ja kuvaamataito, sillä olen kiinnostunut luonnontieteistä ja ympäristöstä. Minua kiehtoo erityisesti erilaiset arkkitehtuurit ympäri maailmaa.",Olen erityisen ylpeä kilpaurheilumenestyksestäni. Kilpailin useamman vuoden kouluratsastuksessa menestyen Kaakkois-Suomessa erittäin hyvin omalla ikätasollani.,"*Manner-Eurooppa* / Mainland Europe (esim. Hollanti, Ranska, Saksa)",Universitat Politécnica de Catalunya,Rakennusarkkiehtuuria,"Haluan opiskella ulkomailla, koska se on ollut unelmani aina, jo ennen kuin tiesin mitä alaa haluan opiskella. Mielestäni ulkomailla on minulle sopivammat koulutusmahdollisuudet ja myöskin nykyinen Suomen taloustilanne on saanut suuntaamaan katseeni entistä enemmän ulkomaille. Olen tutustunut yliopiston nettisivuihin jo melko paljon, sekä käynyt asiasta juttelemassa lukioni opolle.",*Ei mikään yllä olevista / None of the above*,,Opinto-ohjaaja / Guidance councellor,True,14/05/2026 18:40:09,j9czy4yocu67h2x6ej9czy4sppkhyi37,,,
Keida,Kunxhiu,kkunxhiu@gmail.com,2008,Lukiolainen / High school student,Nykarleby,Topeliusgymnasiet i Nykarleby,*2027* syksy / autumn,"1) 8,5       2) Odotan saavani: 3L, 6E","Biology is one of my favourite subjects, and a specific topic that fascinates me is the human anatomy.","I am proud of participating in different activities and doing my hobbies, concidering the tight schedule.","*Iso-Britannia & Irlanti* / UK & Ireland, *Manner-Eurooppa* / Mainland Europe (esim. Hollanti, Ranska, Saksa), *Pohjois-Amerikka* / USA & Kanada","Oxford, Stanford, Harvard, MIT, Yale, Cambridge, Brown, King's College London","Either medicine or law, but still exploring other options.","Studying abroad can give me more life experinces and I have been exploring a couple universities' websites to learn more about the requirements, how I can apply and more.  I've also looked into entrance exams and language tests that are required for the universities I'm interested in.","*Maahanmuuttajatausta / From an immigrant, refugee or asylum-seeking background* (This includes being a first-generation immigrant or a child of immigrants)","I moved to Finland four years ago and I had to learn Swedish to be able to study in upper secondary school. Adapting to the new school system and studying in Swedish was challenging at first, but I've developed more as a student.",Opinto-ohjaaja / Guidance councellor,True,19/05/2026 07:08:51,5f4o2bszcr5rxwxweoa5bw5f4o2bvu6i,,,
Sahana,Suresh,sahana.suresh2509@gmail.com,2009,Lukiolainen / High school student,Espoo,Ressu IB,*2028* syksy / autumn,40/45,My favourite subject since 7th grade has been biology. I find it to be incredibly fasinating and see it as the field I would like to pursure for my career. A specific topic in biology that I find interesting would have to be enzymes and their relevance towards making therapeutic enyzmes more resistant (which is the topic I'm currenlty during a research project on)!,"This year I won the national science competition (Kipinä) in biology and will be representing Finland in finals in Kiel, Germany later this year. This encouraged me to do more indepedent scientific research and taught me how to plan and write a scientific report and poster, skills that will come to use during my DP studies.","*Iso-Britannia & Irlanti* / UK & Ireland, *Manner-Eurooppa* / Mainland Europe (esim. Hollanti, Ranska, Saksa), *Pohjois-Amerikka* / USA & Kanada","Oxford, Stanford, Yale, Trinity College Dublin, University of Amsterdam, Cambridge, Leiden University",Medicine,"I have researched about different unis from their websites and from my friends abroad, attended the Project Access workshop about applying abroad in Jan, started preparing for entrance exams ahead of time and started volunteer work at HUS as well as started independent research related to medicine and started looking for scholarships and their requirements online.",*Ei mikään yllä olevista / None of the above*,,Instagram,True,10/06/2026 16:56:54,xczq0e8dv4q4xj4dw78xczq0dxt55q2g,,,
Jiya,Jain,jjiya2125@gmail.com,2008,Lukiolainen / High school student,Espoo,Helsingin Suomalainen Yhteiskoulu,*2027* syksy / autumn,40/45,My favorite subject is physics because I enjoy the subjects. I particularly find things related to wave behavior and thermodynamics interesting.,"I am proud of all the swimming certificates I have collected and the dance performance I have performed in the past 8 years in front of different audiences. I am also proud of my communication skills with different groups in activities such as cultural events, hobbies, and community events.","*Manner-Eurooppa* / Mainland Europe (esim. Hollanti, Ranska, Saksa), *Iso-Britannia & Irlanti* / UK & Ireland, *Pohjois-Amerikka* / USA & Kanada","Leiden University, TU Delft, University of Amsterdam, London School of Economics, Imperial College London, University College London, King's College London, University of Toronto",I am still exploring but most likely engineering.,"I want to study abroad as I think there is better opportunities for me and also because I want to try something different and new for college. I have attended info sessions and events where there have been admissions officers. I've talked to students studying abroad, researched the requirements for the universities I want to apply to.","*Maahanmuuttajatausta / From an immigrant, refugee or asylum-seeking background* (This includes being a first-generation immigrant or a child of immigrants)",,"Kaverilta / Word of mouth, Opinto-ohjaaja / Guidance councellor, Instagram",True,09/06/2026 10:49:59,u0haoxux0s4t2k0179u0haopab7x27pk,,,
Tinghe,Sun,suntinghe08@gmail.com,2008,Lukiolainen / High school student,Espoo,Helsingin Suomalainen Yhteiskoulu,*2027* syksy / autumn,Predicted IB core points: 41/42,"My favorite subject is Biology. I am deeply fascinated with the human body's functions. I am particularly interested in neuroscience, especially neurodegenerative diseases.","1. Neuroscience related research: Completed my EE at the University of Helsinki, selected among top 10 finalists out of 150+ teams for a research proposal. 
2. Vice-president of Neuro Notebook Helsinki, a non-profit organization that educates youth on neuroscience topics. 
3. Art & architecture: Both are hobbies I've had for around 10 years. Finished my lopputyö for art this spring.","*Pohjois-Amerikka* / USA & Kanada, *Aasia* / Asia (esim. Singapore, Japani, Etelä-Korea), *Manner-Eurooppa* / Mainland Europe (esim. Hollanti, Ranska, Saksa)","University of Amsterdam, Stanford, University of Pennsylvania (incl. Wharton), Columbia, Princeton, Brown, Yale, Harvard, MIT, New York University (NYU), Trinity College Dublin",Neuroscience,"I hope to study neuroscience. I am mainly looking at options within the US. I currently have a score of 1500 for SAT, and I am taking the SAT again in August. I have collected ideas for my personal statement and supplementals. I have done activities related to my intended major and other activities (e.g. clubs at school, fundraiser).","*Maahanmuuttajatausta / From an immigrant, refugee or asylum-seeking background* (This includes being a first-generation immigrant or a child of immigrants)",,Opinto-ohjaaja / Guidance councellor,True,09/08/2026 12:49:23,ekll432z7yitdcea1ekll4v518pv7vqe,,,
Sania,Tember,sania.tember@gmail.com,2009,Lukiolainen / High school student,Helsinki,Kulosaaren Yhteiskoulu,*2028* syksy / autumn,1) 9.3/10       2)Odotan saavani LLLLLE,"Minua kiinnostaa mm  yhteiskuntaopp, imatematiikka sekä biologia. Olen erityisesti kiinnostunut kauppatieteistä ja politiikasta sekä lääketieteestä.","Olen erityisen ylpeä siitä, kuinka aktiivisesti olen osallistunut erilaisiin koulun ulkopuolisiin projekteihin ja harrastuksiin. Olen ollut mukana muun muassa European Youth Parliament-, Model European Parliament- ja Model UN -simulaatioissa sekä debate clubissa ja Helsinki Youth Mocktrialissa. Suoritin myös nyt keväällä sinisen vyön karatessa ja pianon tasokokeen.","*En ole vielä varma, haluan vain ulkomaille!* / I'm not sure yet, I just want to go abroad!), *Iso-Britannia & Irlanti* / UK & Ireland, *Pohjois-Amerikka* / USA & Kanada, *Aasia* / Asia (esim. Singapore, Japani, Etelä-Korea)","Oxford, London School of Economics, Imperial College London, University College London, Trinity College Dublin, Stanford, Princeton, New York University (NYU), MIT, Cambridge, Harvard, King's College London, University of Pennsylvania (incl. Wharton), Brown, Yale, Columbia, Bocconi",Still exploring (econ/law/politics/medicine),"Ulkomailla opiskelu on ollut unelmani jo pitkään, koska haluan nähdä maailmaa ja saada uusia kokemuksia. Uskon myös, että huippu yliopisossa opiskelu avaa paljon ovia ja tarjoaa ainutlaatuisia mahdollisuuksia. 
Olen selvittänyt eri yliopistojen hakuvaatimuksia, kuten SAT-koetta, ja osallistunut kiinnostukseni mukaisesti erilaisiin toimintoihin, kuten EYP-, MEP- ja MUN-simulaatioihin.","*Maahanmuuttajatausta / From an immigrant, refugee or asylum-seeking background* (This includes being a first-generation immigrant or a child of immigrants)",,Instagram,True,31/05/2026 19:32:22,xsj3kc6ytgbok7aesfn1wgxsj3kyg6n7,,,
Haorui,Qian,haorui.qian@edu.hel.fi,2009,Lukiolainen / High school student,Espoo,Ressu IB world school,*2028* syksy / autumn,"Haven't got one yet, but I got almost all 10s in pre year, and I am aiming for 45/45","Physics and biology. I like robotics, especially bionic robots","I achieved 4th place in the national MAOL competition and 32th in Physics.
In addition, I build programs, one is a chemvisualizer that shows the structure of a chemical formula and the other one is an uncertainty calculator.","*Iso-Britannia & Irlanti* / UK & Ireland, *Pohjois-Amerikka* / USA & Kanada, *Aasia* / Asia (esim. Singapore, Japani, Etelä-Korea), *Manner-Eurooppa* / Mainland Europe (esim. Hollanti, Ranska, Saksa)","TU Delft, Imperial College London, Cambridge, Oxford, Harvard, MIT, Stanford, Princeton","Engineering (robotics, ME, or EE)","I am exploring on the internet, but too much information, some are fake, some are real, that's also why I want to join this event.
I've gone to their websites, looking up course requirements and language tests.
Struggle to find related volunteer or intern.
Planning on my extracurriculum but a little confused.","*Maahanmuuttajatausta / From an immigrant, refugee or asylum-seeking background* (This includes being a first-generation immigrant or a child of immigrants)","I feel difficult to build a solid application to US. I searched online, it is said that you need competitions, researches, interns, ECs and so on. I'm a little comfused and don't know how to start.","Instagram, Opinto-ohjaaja / Guidance councellor",True,12/05/2026 11:27:28,38ryajc0xi32sfye38rupwbc0hhjg7pa,,,
Vladimir,Polisadov,vladi.polisadov@gmail.com,2008,Lukiolainen / High school student,Vantaa,Helsingin Saksalainen Koulu,*2027* syksy / autumn,9/10,"Favourite subject: Biology (especially Genetics)
Other subjects of interest: Chemistry, Geography",-,"*Manner-Eurooppa* / Mainland Europe (esim. Hollanti, Ranska, Saksa)",Heidelberg,Biology,"I intend to study in a german-speaking country as it is my mother tongue. By studying in Finland I would meet language hurdles as I do not know Finnish well.

I have researched what universities offer which courses of study in Germany and Austria on their websites. I also have visited the Heidelberg University and a few of their seminars as part of our school program.",*Ei mikään yllä olevista / None of the above*,I lack language skills in Finnish and have lived for 9 years in Germany.,Opinto-ohjaaja / Guidance councellor,True,26/05/2026 14:14:06,efq78clgo0ujcwefq7ta3sh35zegmtcn,,,
Pinja,Liski,pinja.liski@icloud.com,2007,Lukiolainen / High school student,Helsinki,Helsingin suomalainen yhteiskoulu,*2027* syksy / autumn,1) lukion keskiarvo 9.  2) odotan saavani E:n paperit,Pidän historiasta ja kielistä (erityisesti ranskasta),lähdin vaihtoon 25-26 vuodeksi Ranskaan. Olin erityisen ylpeä että lopulta opin kielin hyvin vaikka aluksi pelkäsin puhua ja tehdä virheitä puhuessani,"*Manner-Eurooppa* / Mainland Europe (esim. Hollanti, Ranska, Saksa), *Aasia* / Asia (esim. Singapore, Japani, Etelä-Korea)","Sciences Po, Yonsei university",Tällä hetkellä ykkösvaihtoehtona political science mutta ei vielä täysin varma,"Tutkinut paljon eri yliopistojen mahdollisuuksia, sekä ottanut selvää maksusta ja kulusta yms. Olin viime keväänä myös Ranska instituution järjestämässä tilaisuudessa jossa eri Ranskan yliopistojen edustajat kertoivat kouluista. Olen puhunut myös aiheesta monen ystäväni kanssa jotka jo opiskelevat ulkomailla.",*Ei mikään yllä olevista / None of the above*,,Kaverilta / Word of mouth,True,16/08/2026 07:08:14,47jooxjj8xzxkcywc47jood7fdon4whg,,,
Arina,Nasonova,arina.nasonova10@gmail.com,2009,Lukiolainen / High school student,Helsinki,Kulosaaren yhteiskoulu,*2028* syksy / autumn,"1)8,3 2)2L, 2E, 1M","Minua kiinnostavat erityisesti kielet ja media. Kiehtovaa on se, miten kielen ja median avulla voi välittää ajatuksia, kertoa tarinoita ja vaikuttaa siihen, miten ihmiset näkevät maailmaan.","Olen erityisen ylpeä siitä, että olen harrastanut teatteria ja musiikkia koulun ulkopuolella. Ne ovat kehittäneet luovuutta, itseilmaisua ja rohkeutta esiintyä muiden edessä.","*Manner-Eurooppa* / Mainland Europe (esim. Hollanti, Ranska, Saksa)","University of Amsterdam, Leiden University, Groningen University, Vrije Universiteit Amsterdam, Utrecht University, Tilburg University",Media,"Haluan opiskella ulkomailla, koska haluan saada uusia kokemuksia, tutustua erilaisiin kulttuureihin ja kehittää kielitaitoani. Erityisesti Alankomaat kiinnostaa minua. Olen jo selvittänyt eri yliopistojen koulutusvaihtoehtoja.","*Maahanmuuttajatausta / From an immigrant, refugee or asylum-seeking background* (This includes being a first-generation immigrant or a child of immigrants)",,Koulu,True,12/08/2026 12:29:24,wv7j0kbvb9mohgq851wv7jtqu89199ay,,,
