candidate_id,first_name,last_name,email,survey_2_link,send_start,send_end
PA-2026-1DJ1C297,Fiona,Donner,fifi.donner@gmail.com,https://typeform.com/to/zFngaeX3?candidate_id=PA-2026-1DJ1C297,2026-10-01,2027-01-31
PA-2026-2NHIKGNN,Emilia,Huikko,huikko.emilia@gmail.com,https://typeform.com/to/zFngaeX3?candidate_id=PA-2026-2NHIKGNN,2026-10-01,2027-01-31
PA-2026-9NUSTWJG,Margarita,Gavriuk,margarytagavriuk@gmail.com,https://typeform.com/to/zFngaeX3?candidate_id=PA-2026-9NUSTWJG,2026-10-01,2027-01-31
PA-2026-B3YTO5PT,Utsav,Choudhury,utsav.choudhury1@gmail.com,https://typeform.com/to/zFngaeX3?candidate_id=PA-2026-B3YTO5PT,2026-10-01,2027-01-31
PA-2026-BZ5MBYQQ,Lumia,Saarelma,lumia.saarelma@gmail.com,https://typeform.com/to/zFngaeX3?candidate_id=PA-2026-BZ5MBYQQ,2026-10-01,2027-01-31
PA-2026-C4G8PE5X,Tinghe,Sun,suntinghe08@gmail.com,https://typeform.com/to/zFngaeX3?candidate_id=PA-2026-C4G8PE5X,2026-10-01,2027-01-31
PA-2026-DX87HCWO,Kiti,Nieminen,kitimnieminen@gmail.com,https://typeform.com/to/zFngaeX3?candidate_id=PA-2026-DX87HCWO,2026-10-01,2027-01-31
PA-2026-F7Z44YRC,Jiya,Jain,jjiya2125@gmail.com,https://typeform.com/to/zFngaeX3?candidate_id=PA-2026-F7Z44YRC,2026-10-01,2027-01-31
PA-2026-G79H73B6,Nathalie,Nyman,nathaliehelenanyman@gmail.com,https://typeform.com/to/zFngaeX3?candidate_id=PA-2026-G79H73B6,2026-10-01,2027-01-31
PA-2026-H85RXY9A,Amelie,Hao,amelie.hao24@gmail.com,https://typeform.com/to/zFngaeX3?candidate_id=PA-2026-H85RXY9A,2026-10-01,2027-01-31
PA-2026-IR3M7Z9G,Hertta,Jaako,herttajaako@gmail.com,https://typeform.com/to/zFngaeX3?candidate_id=PA-2026-IR3M7Z9G,2026-10-01,2027-01-31
PA-2026-L93IDTX0,Qingzhu,Liang,liang.qingzhu.fin@gmail.com,https://typeform.com/to/zFngaeX3?candidate_id=PA-2026-L93IDTX0,2026-10-01,2027-01-31
PA-2026-MZZ2ELAB,Nika,Dettmann,nika.dettmann@icloud.com,https://typeform.com/to/zFngaeX3?candidate_id=PA-2026-MZZ2ELAB,2026-10-01,2027-01-31
PA-2026-N9PHOGMX,Michael,Kanjovski,misha.kanjovski@gmail.com,https://typeform.com/to/zFngaeX3?candidate_id=PA-2026-N9PHOGMX,2026-10-01,2027-01-31
PA-2026-NWKIU1DN,Annika,Linnervuo,annika.linnervuo07@gmail.com,https://typeform.com/to/zFngaeX3?candidate_id=PA-2026-NWKIU1DN,2026-10-01,2027-01-31
PA-2026-P3EEVS8B,Laura,Niemi,laura.niemi129@gmail.com,https://typeform.com/to/zFngaeX3?candidate_id=PA-2026-P3EEVS8B,2026-10-01,2027-01-31
PA-2026-ROYZPVPE,Keida,Kunxhiu,kkunxhiu@gmail.com,https://typeform.com/to/zFngaeX3?candidate_id=PA-2026-ROYZPVPE,2026-10-01,2027-01-31
PA-2026-RUBCXWJF,Ronja,Voutilainen,ronjavoutilainen2007@gmail.com,https://typeform.com/to/zFngaeX3?candidate_id=PA-2026-RUBCXWJF,2026-10-01,2027-01-31
PA-2026-UPU3ZLRJ,Vladimir,Polisadov,vladi.polisadov@gmail.com,https://typeform.com/to/zFngaeX3?candidate_id=PA-2026-UPU3ZLRJ,2026-10-01,2027-01-31
PA-2026-X22U97VT,Pinja,Liski,pinja.liski@icloud.com,https://typeform.com/to/zFngaeX3?candidate_id=PA-2026-X22U97VT,2026-10-01,2027-01-31
PA-2026-X8SD2TQS,Rasmus,Suonpaa,rasmus.suonpaa@gmail.com,https://typeform.com/to/zFngaeX3?candidate_id=PA-2026-X8SD2TQS,2026-10-01,2027-01-31
